date,Open,High,Low,Close,adj. Close,Volume,dividend amount,split coefficient
2020-03-19,247.385,252.84,242.61,248.33,248.33,40750944.0,0.0,1.0
2020-03-18,239.77,250.0,237.12,246.67,246.67,74377540.0,0.0,1.0
2020-03-17,247.51,257.61,238.4,252.86,252.86,81013965.0,0.0,1.0
2020-03-16,241.95,259.08,240.0,242.21,242.21,80605865.0,0.0,1.0
2020-03-13,264.89,279.92,252.95,277.97,277.97,92683032.0,0.0,1.0
2020-03-12,255.94,270.0,248.0,248.23,248.23,104618517.0,0.0,1.0
2020-03-11,277.39,281.22,271.86,275.43,275.43,64094970.0,0.0,1.0
2020-03-10,277.14,286.44,269.37,285.34,285.34,71322520.0,0.0,1.0
2020-03-09,263.75,278.09,263.0,266.17,266.17,71686208.0,0.0,1.0
2020-03-06,282.0,290.82,281.23,289.03,289.03,56544246.0,0.0,1.0
2020-03-05,295.52,299.55,291.41,292.92,292.92,46893219.0,0.0,1.0
2020-03-04,296.44,303.4,293.13,302.74,302.74,54794568.0,0.0,1.0
2020-03-03,303.67,304.0,285.8,289.32,289.32,79868852.0,0.0,1.0
2020-03-02,282.28,301.44,277.72,298.81,298.81,85349339.0,0.0,1.0
2020-02-28,257.26,278.41,256.37,273.36,273.36,106721230.0,0.0,1.0
2020-02-27,281.1,286.0,272.96,273.52,273.52,80151381.0,0.0,1.0
2020-02-26,286.53,297.88,286.5,292.65,292.65,49678431.0,0.0,1.0
2020-02-25,300.95,302.53,286.13,288.08,288.08,57668364.0,0.0,1.0
2020-02-24,297.26,304.18,289.23,298.18,298.18,55548828.0,0.0,1.0
2020-02-21,318.62,320.45,310.5,313.05,313.05,32426415.0,0.0,1.0
2020-02-20,322.63,324.65,318.21,320.3,320.3,25141489.0,0.0,1.0
2020-02-19,320.0,324.57,320.0,323.62,323.62,23495991.0,0.0,1.0
2020-02-18,315.36,319.75,314.61,319.0,319.0,38190545.0,0.0,1.0
2020-02-14,324.73,325.98,322.85,324.95,324.95,20028447.0,0.0,1.0
2020-02-13,324.19,326.22,323.35,324.87,324.87,23686892.0,0.0,1.0
2020-02-12,321.47,327.22,321.47,327.2,327.2,28432573.0,0.0,1.0
2020-02-11,323.6,323.9,318.71,319.61,319.61,23580780.0,0.0,1.0
2020-02-10,314.18,321.55,313.85,321.55,321.55,27337215.0,0.0,1.0
2020-02-07,322.37,323.4,318.0,320.03,320.03,29421012.0,0.77,1.0
2020-02-06,322.57,325.22,320.2648,325.21,324.4294,26356385.0,0.0,1.0
2020-02-05,323.52,324.76,318.95,321.45,320.6784,29706718.0,0.0,1.0
2020-02-04,315.31,319.64,313.6345,318.85,318.0847,34154134.0,0.0,1.0
2020-02-03,304.3,313.49,302.22,308.66,307.9191,43496401.0,0.0,1.0
2020-01-31,320.93,322.68,308.29,309.51,308.7671,49897096.0,0.0,1.0
2020-01-30,320.5435,324.09,318.75,323.87,323.0926,31685808.0,0.0,1.0
2020-01-29,324.45,327.85,321.38,324.34,323.5615,54149928.0,0.0,1.0
2020-01-28,312.6,318.4,312.19,317.69,316.9275,40558486.0,0.0,1.0
2020-01-27,310.06,311.77,304.88,308.95,308.2084,40485005.0,0.0,1.0
2020-01-24,320.25,323.33,317.5188,318.31,317.546,36634380.0,0.0,1.0
2020-01-23,317.92,319.56,315.65,319.23,318.4638,26117993.0,0.0,1.0
2020-01-22,318.58,319.99,317.31,317.7,316.9374,25458115.0,0.0,1.0
2020-01-21,317.19,319.02,316.0,316.57,315.8102,27235039.0,0.0,1.0
2020-01-17,316.27,318.74,315.0,318.73,317.965,34454117.0,0.0,1.0
2020-01-16,313.59,315.7,312.09,315.24,314.4833,27207254.0,0.0,1.0
2020-01-15,311.85,315.5,309.55,311.34,310.5927,30480882.0,0.0,1.0
2020-01-14,316.7,317.57,312.17,312.68,311.9295,40653457.0,0.0,1.0
2020-01-13,311.64,317.07,311.15,316.96,316.1992,30028742.0,0.0,1.0
2020-01-10,310.6,312.67,308.25,310.33,309.5851,35217272.0,0.0,1.0
2020-01-09,307.235,310.43,306.2,309.63,308.8868,42621542.0,0.0,1.0
2020-01-08,297.16,304.4399,297.156,303.19,302.4623,33090946.0,0.0,1.0
2020-01-07,299.84,300.9,297.48,298.39,297.6738,27877655.0,0.0,1.0
2020-01-06,293.79,299.96,292.75,299.8,299.0804,29644644.0,0.0,1.0
2020-01-03,297.15,300.58,296.5,297.43,296.7161,36633878.0,0.0,1.0
2020-01-02,296.24,300.6,295.19,300.35,299.6291,33911864.0,0.0,1.0
2019-12-31,289.93,293.68,289.52,293.65,292.9452,25247625.0,0.0,1.0
2019-12-30,289.46,292.69,285.22,291.52,290.8203,36059614.0,0.0,1.0
2019-12-27,291.12,293.97,288.12,289.8,289.1044,36592936.0,0.0,1.0
2019-12-26,284.82,289.98,284.7,289.91,289.2141,23334004.0,0.0,1.0
2019-12-24,284.69,284.89,282.9197,284.27,283.5877,12119714.0,0.0,1.0
2019-12-23,280.53,284.25,280.3735,284.0,283.3183,24677883.0,0.0,1.0
2019-12-20,282.23,282.65,278.56,279.44,278.7693,69032743.0,0.0,1.0
2019-12-19,279.5,281.18,278.95,280.02,279.3479,24626947.0,0.0,1.0
2019-12-18,279.8,281.9,279.12,279.74,279.0686,29024687.0,0.0,1.0
2019-12-17,279.57,281.77,278.8,280.41,279.7369,28575798.0,0.0,1.0
2019-12-16,277.0,280.79,276.98,279.86,279.1883,32081105.0,0.0,1.0
2019-12-13,271.46,275.3,270.93,275.15,274.4896,33432806.0,0.0,1.0
2019-12-12,267.78,272.5599,267.321,271.46,270.8084,34437042.0,0.0,1.0
2019-12-11,268.81,271.1,268.5,270.77,270.1201,19723391.0,0.0,1.0
2019-12-10,268.6,270.07,265.86,268.48,267.8356,22632383.0,0.0,1.0
2019-12-09,270.0,270.8,264.91,266.92,266.2793,32182645.0,0.0,1.0
2019-12-06,267.48,271.0,267.3,270.71,270.0602,26547493.0,0.0,1.0
2019-12-05,263.79,265.89,262.73,265.58,264.9425,18661343.0,0.0,1.0
2019-12-04,261.07,263.31,260.68,261.74,261.1118,16810388.0,0.0,1.0
2019-12-03,258.31,259.53,256.29,259.45,258.8273,29377268.0,0.0,1.0
2019-12-02,267.27,268.25,263.45,264.16,263.526,23693550.0,0.0,1.0
2019-11-29,266.6,268.0,265.9,267.25,266.6085,11654363.0,0.0,1.0
2019-11-27,265.58,267.98,265.31,267.84,267.1971,16386122.0,0.0,1.0
2019-11-26,266.94,267.16,262.5,264.29,263.6556,26334882.0,0.0,1.0
2019-11-25,262.71,266.44,262.52,266.37,265.7306,21029517.0,0.0,1.0
2019-11-22,262.59,263.18,260.84,261.78,261.1517,16331263.0,0.0,1.0
2019-11-21,263.69,264.005,261.18,262.01,261.3811,30348778.0,0.0,1.0
2019-11-20,265.54,266.083,260.4,263.19,262.5583,26609919.0,0.0,1.0
2019-11-19,267.9,268.0,265.3926,266.29,265.6508,19069597.0,0.0,1.0
2019-11-18,265.8,267.43,264.23,267.1,266.4589,21700897.0,0.0,1.0
2019-11-15,263.68,265.78,263.01,265.76,265.1221,25093666.0,0.0,1.0
2019-11-14,263.75,264.88,262.1,262.64,262.0096,22395556.0,0.0,1.0
2019-11-13,261.13,264.78,261.07,264.47,263.8352,25817593.0,0.0,1.0
2019-11-12,261.55,262.79,260.92,261.96,261.3312,21847226.0,0.0,1.0
2019-11-11,258.3,262.47,258.28,262.2,261.5707,20507459.0,0.0,1.0
2019-11-08,258.69,260.44,256.85,260.14,259.5156,17520495.0,0.0,1.0
2019-11-07,258.74,260.35,258.11,259.43,258.8073,23735083.0,0.77,1.0
2019-11-06,256.77,257.49,255.365,257.24,255.8631,18966124.0,0.0,1.0
2019-11-05,257.05,258.19,256.32,257.13,255.7537,19974427.0,0.0,1.0
2019-11-04,257.33,257.845,255.38,257.5,256.1218,25817952.0,0.0,1.0
2019-11-01,249.54,255.93,249.16,255.82,254.4507,37781334.0,0.0,1.0
2019-10-31,247.24,249.17,237.26,248.76,247.4285,34790520.0,0.0,1.0
2019-10-30,244.76,245.3,241.21,243.26,241.958,31130522.0,0.0,1.0
2019-10-29,248.97,249.75,242.57,243.29,241.9878,35709867.0,0.0,1.0
2019-10-28,247.42,249.25,246.72,249.05,247.717,23655368.0,0.0,1.0
2019-10-25,243.16,246.73,242.88,246.58,245.2602,18369296.0,0.0,1.0
2019-10-24,244.51,244.8,241.805,243.58,242.2763,17916255.0,0.0,1.0
2019-10-23,242.1,243.24,241.22,243.18,241.8784,19932545.0,0.0,1.0
2019-10-22,241.16,242.2,239.6218,239.96,238.6756,22684001.0,0.0,1.0
2019-10-21,237.52,240.99,237.32,240.51,239.2227,21811567.0,0.0,1.0
2019-10-18,234.59,237.58,234.29,236.41,235.1446,24248023.0,0.0,1.0
2019-10-17,235.09,236.15,233.52,235.28,234.0207,17272897.0,0.0,1.0
2019-10-16,233.37,235.24,233.2,234.37,233.1156,19286694.0,0.0,1.0
2019-10-15,236.39,237.65,234.88,235.32,234.0605,23040483.0,0.0,1.0
2019-10-14,234.9,238.1342,234.6701,235.87,234.6075,24413484.0,0.0,1.0
2019-10-11,232.95,237.64,232.3075,236.21,234.9457,41990210.0,0.0,1.0
2019-10-10,227.93,230.44,227.3,230.09,228.8585,28962984.0,0.0,1.0
2019-10-09,227.03,227.79,225.64,227.03,225.8148,19029424.0,0.0,1.0
2019-10-08,225.82,228.06,224.33,224.4,223.1989,29282700.0,0.0,1.0
2019-10-07,226.27,229.93,225.84,227.06,225.8447,30889269.0,0.0,1.0
2019-10-04,225.64,227.49,223.89,227.01,225.7949,34755553.0,0.0,1.0
2019-10-03,218.43,220.96,215.132,220.82,219.6381,30352686.0,0.0,1.0
2019-10-02,223.06,223.58,217.93,218.96,217.788,35767257.0,0.0,1.0
2019-10-01,225.07,228.22,224.2,224.59,223.3879,36187163.0,0.0,1.0
2019-09-30,220.9,224.58,220.79,223.97,222.7712,26318583.0,0.0,1.0
2019-09-27,220.54,220.96,217.2814,218.82,217.6488,25361285.0,0.0,1.0
2019-09-26,220.0,220.94,218.83,219.89,218.7131,19088312.0,0.0,1.0
2019-09-25,218.55,221.5,217.1402,221.03,219.847,22481006.0,0.0,1.0
2019-09-24,221.055,222.49,217.19,217.68,216.5149,31434367.0,0.0,1.0
2019-09-23,218.95,219.84,217.65,218.72,217.5493,19419648.0,0.0,1.0
2019-09-20,221.38,222.56,217.473,217.73,216.5646,57977094.0,0.0,1.0
2019-09-19,222.01,223.76,220.37,220.96,219.7773,22187876.0,0.0,1.0
2019-09-18,221.06,222.85,219.44,222.77,221.5776,25643093.0,0.0,1.0
2019-09-17,219.96,220.82,219.12,220.7,219.5187,18386468.0,0.0,1.0
2019-09-16,217.73,220.13,217.56,219.9,218.723,21158141.0,0.0,1.0
2019-09-13,220.0,220.79,217.02,218.75,217.5792,39763296.0,0.0,1.0
2019-09-12,224.8,226.42,222.86,223.085,221.891,32226669.0,0.0,1.0
2019-09-11,218.07,223.71,217.73,223.59,222.3933,44289646.0,0.0,1.0
2019-09-10,213.86,216.78,211.71,216.7,215.5401,31777931.0,0.0,1.0
2019-09-09,214.84,216.44,211.07,214.17,213.0237,27309401.0,0.0,1.0
2019-09-06,214.05,214.42,212.51,213.26,212.1185,19362294.0,0.0,1.0
2019-09-05,212.0,213.97,211.51,213.28,212.1384,23946984.0,0.0,1.0
2019-09-04,208.39,209.48,207.32,209.19,208.0703,19216820.0,0.0,1.0
2019-09-03,206.43,206.98,204.22,205.7,204.599,20059574.0,0.0,1.0
2019-08-30,210.16,210.45,207.2,208.74,207.6227,21162561.0,0.0,1.0
2019-08-29,208.5,209.32,206.655,209.01,207.8913,21007652.0,0.0,1.0
2019-08-28,204.1,205.72,203.32,205.53,204.4299,15957632.0,0.0,1.0
2019-08-27,207.86,208.55,203.53,204.16,203.0673,25897344.0,0.0,1.0
2019-08-26,205.86,207.19,205.0573,206.49,205.3848,26066130.0,0.0,1.0
2019-08-23,209.43,212.051,201.0,202.64,201.5554,46882843.0,0.0,1.0
2019-08-22,213.19,214.435,210.75,212.46,211.3228,22267819.0,0.0,1.0
2019-08-21,212.99,213.65,211.6032,212.64,211.5019,21564747.0,0.0,1.0
2019-08-20,210.88,213.35,210.32,210.36,209.2341,26919529.0,0.0,1.0
2019-08-19,210.62,212.7307,210.025,210.35,209.2241,24431915.0,0.0,1.0
2019-08-16,204.28,207.16,203.84,206.5,205.3947,28813624.0,0.0,1.0
2019-08-15,203.46,205.14,199.67,201.74,200.6602,27883363.0,0.0,1.0
2019-08-14,203.16,206.44,202.5869,202.75,201.6648,36547443.0,0.0,1.0
2019-08-13,201.02,212.14,200.83,208.97,207.8515,47539786.0,0.0,1.0
2019-08-12,199.62,202.0516,199.15,200.48,199.4069,22481889.0,0.0,1.0
2019-08-09,201.3,202.76,199.29,200.99,199.9142,24619746.0,0.77,1.0
2019-08-08,200.2,203.53,199.39,203.43,201.5689,27009523.0,0.0,1.0
2019-08-07,195.41,199.56,193.82,199.04,197.2191,33364400.0,0.0,1.0
2019-08-06,196.31,198.067,194.04,197.0,195.1978,35824787.0,0.0,1.0
2019-08-05,197.99,198.649,192.58,193.34,191.5712,52392969.0,0.0,1.0
2019-08-02,205.53,206.43,201.63,204.02,202.1535,40862122.0,0.0,1.0
2019-08-01,213.9,218.03,206.7435,208.43,206.5232,54017922.0,0.0,1.0
2019-07-31,216.42,221.37,211.3,213.04,211.091,69281361.0,0.0,1.0
2019-07-30,208.76,210.16,207.31,208.78,206.87,33935718.0,0.0,1.0
2019-07-29,208.46,210.64,208.44,209.68,207.7618,21673389.0,0.0,1.0
2019-07-26,207.48,209.73,207.14,207.74,205.8395,17618874.0,0.0,1.0
2019-07-25,208.89,209.24,206.73,207.02,205.1261,13909535.0,0.0,1.0
2019-07-24,207.67,209.15,207.17,208.67,206.761,14991567.0,0.0,1.0
2019-07-23,208.46,208.91,207.29,208.84,206.9294,18355210.0,0.0,1.0
2019-07-22,203.65,207.23,203.61,207.22,205.3243,22277932.0,0.0,1.0
2019-07-19,205.79,206.5,202.36,202.59,200.7366,20929307.0,0.0,1.0
2019-07-18,204.0,205.88,203.7,205.66,203.7785,18582161.0,0.0,1.0
2019-07-17,204.05,205.0915,203.27,203.35,201.4897,14107450.0,0.0,1.0
2019-07-16,204.59,206.11,203.5,204.5,202.6292,16866816.0,0.0,1.0
2019-07-15,204.09,205.87,204.0,205.21,203.3327,16947420.0,0.0,1.0
2019-07-12,202.45,204.0,202.2,203.3,201.4401,17595212.0,0.0,1.0
2019-07-11,203.31,204.39,201.71,201.75,199.9043,20191842.0,0.0,1.0
2019-07-10,201.85,203.73,201.56,203.23,201.3708,17897138.0,0.0,1.0
2019-07-09,199.2,201.51,198.81,201.24,199.399,20578015.0,0.0,1.0
2019-07-08,200.81,201.4,198.41,200.02,198.1901,25338628.0,0.0,1.0
2019-07-05,203.35,205.08,202.9,204.23,202.3616,17265518.0,0.0,1.0
2019-07-03,203.28,204.44,202.6901,204.41,202.54,11362045.0,0.0,1.0
2019-07-02,201.41,203.1323,201.36,202.73,200.8753,16935217.0,0.0,1.0
2019-07-01,203.17,204.49,200.65,201.55,199.7061,27316739.0,0.0,1.0
2019-06-28,198.68,199.495,197.05,197.92,196.1093,31110642.0,0.0,1.0
2019-06-27,200.29,201.57,199.57,199.74,197.9127,20899717.0,0.0,1.0
2019-06-26,197.77,200.99,197.35,199.8,197.9722,26067512.0,0.0,1.0
2019-06-25,198.43,199.26,195.29,195.57,193.7808,21070334.0,0.0,1.0
2019-06-24,198.54,200.16,198.17,198.58,196.7633,18220421.0,0.0,1.0
2019-06-21,198.8,200.85,198.15,198.78,196.9615,47800589.0,0.0,1.0
2019-06-20,200.37,200.61,198.03,199.46,197.6353,21513988.0,0.0,1.0
2019-06-19,199.68,199.88,197.31,197.87,196.0598,21124235.0,0.0,1.0
2019-06-18,196.05,200.29,195.21,198.45,196.6345,26551004.0,0.0,1.0
2019-06-17,192.9,194.96,192.17,193.89,192.1162,14669144.0,0.0,1.0
2019-06-14,191.545,193.5863,190.3,192.74,190.9767,18761474.0,0.0,1.0
2019-06-13,194.7,196.79,193.6,194.15,192.3738,21674625.0,0.0,1.0
2019-06-12,193.95,195.97,193.385,194.19,192.4135,18253189.0,0.0,1.0
2019-06-11,194.86,196.0,193.6,194.81,193.0278,26932882.0,0.0,1.0
2019-06-10,191.81,195.37,191.62,192.58,190.8182,26220851.0,0.0,1.0
2019-06-07,186.51,191.92,185.77,190.15,188.4104,30684393.0,0.0,1.0
2019-06-06,183.08,185.47,182.1489,185.22,183.5255,22526311.0,0.0,1.0
2019-06-05,184.28,184.99,181.14,182.54,180.8701,29773427.0,0.0,1.0
2019-06-04,175.44,179.83,174.52,179.64,177.9966,30967961.0,0.0,1.0
2019-06-03,175.6,177.92,170.27,173.3,171.7146,40396069.0,0.0,1.0
2019-05-31,176.23,177.99,174.99,175.07,173.4684,27043584.0,0.0,1.0
2019-05-30,177.95,179.23,176.67,178.3,176.6688,21218412.0,0.0,1.0
2019-05-29,176.42,179.35,176.0,177.38,175.7573,28481165.0,0.0,1.0
2019-05-28,178.92,180.59,177.91,178.23,176.5995,27948160.0,0.0,1.0
2019-05-24,180.2,182.14,178.62,178.97,177.3327,23714686.0,0.0,1.0
2019-05-23,179.8,180.54,177.81,179.66,178.0164,36529736.0,0.0,1.0
2019-05-22,184.66,185.71,182.55,182.78,181.1079,29748556.0,0.0,1.0
2019-05-21,185.22,188.0,184.7,186.6,184.8929,28364848.0,0.0,1.0
2019-05-20,183.52,184.349,180.2839,183.09,181.415,38612290.0,0.0,1.0
2019-05-17,186.93,190.9,186.76,189.0,187.271,32879090.0,0.0,1.0
2019-05-16,189.91,192.4689,188.84,190.08,188.3411,33031364.0,0.0,1.0
2019-05-15,186.27,191.75,186.02,190.92,189.1734,26544718.0,0.0,1.0
2019-05-14,186.41,189.7,185.41,188.66,186.9341,36529677.0,0.0,1.0
2019-05-13,187.71,189.48,182.85,185.72,184.021,57430623.0,0.0,1.0
2019-05-10,197.419,198.85,192.77,197.18,195.3761,41208712.0,0.77,1.0
2019-05-09,200.4,201.68,196.66,200.72,198.1101,34908607.0,0.0,1.0
2019-05-08,201.9,205.34,201.75,202.9,200.2618,26339504.0,0.0,1.0
2019-05-07,205.88,207.4175,200.825,202.86,200.2223,38763698.0,0.0,1.0
2019-05-06,204.29,208.84,203.5,208.48,205.7692,32443113.0,0.0,1.0
2019-05-03,210.89,211.84,210.23,211.75,208.9967,20892378.0,0.0,1.0
2019-05-02,209.84,212.65,208.13,209.15,206.4305,31996324.0,0.0,1.0
2019-05-01,209.88,215.31,209.23,210.52,207.7827,64827328.0,0.0,1.0
2019-04-30,203.06,203.4,199.11,200.67,198.0608,46534923.0,0.0,1.0
2019-04-29,204.4,205.97,203.86,204.61,201.9495,22204716.0,0.0,1.0
2019-04-26,204.9,205.0,202.12,204.3,201.6436,18649102.0,0.0,1.0
2019-04-25,206.83,207.76,205.12,205.28,202.6108,18543206.0,0.0,1.0
2019-04-24,207.36,208.48,207.05,207.16,204.4664,17540609.0,0.0,1.0
2019-04-23,204.43,207.75,203.9,207.48,204.7822,23322991.0,0.0,1.0
2019-04-22,202.83,204.94,202.34,204.53,201.8706,19439545.0,0.0,1.0
2019-04-18,203.12,204.15,202.52,203.86,201.2093,24195766.0,0.0,1.0
2019-04-17,199.54,203.38,198.61,203.13,200.4888,28906780.0,0.0,1.0
2019-04-16,199.46,201.37,198.56,199.25,196.6592,25696385.0,0.0,1.0
2019-04-15,198.58,199.85,198.01,199.23,196.6395,17536646.0,0.0,1.0
2019-04-12,199.2,200.14,196.21,198.87,196.2842,27760668.0,0.0,1.0
2019-04-11,200.85,201.0,198.4431,198.95,196.3631,20900808.0,0.0,1.0
2019-04-10,198.68,200.74,198.18,200.62,198.0114,21695288.0,0.0,1.0
2019-04-09,200.32,202.85,199.23,199.5,196.906,35768237.0,0.0,1.0
2019-04-08,196.42,200.23,196.34,200.1,197.4982,25881697.0,0.0,1.0
2019-04-05,196.45,197.1,195.93,197.0,194.4385,18526644.0,0.0,1.0
2019-04-04,194.79,196.37,193.14,195.69,193.1455,19114275.0,0.0,1.0
2019-04-03,193.25,196.5,193.15,195.35,192.8099,23271830.0,0.0,1.0
2019-04-02,191.09,194.46,191.05,194.02,191.4972,22765732.0,0.0,1.0
2019-04-01,191.64,191.68,188.38,191.24,188.7534,27861964.0,0.0,1.0
2019-03-29,189.83,190.08,188.54,189.95,187.4801,23563961.0,0.0,1.0
2019-03-28,188.95,189.559,187.53,188.72,186.2661,20780363.0,0.0,1.0
2019-03-27,188.75,189.76,186.55,188.47,186.0194,29848427.0,0.0,1.0
2019-03-26,191.664,192.88,184.58,186.79,184.3612,49800538.0,0.0,1.0
2019-03-25,191.51,191.98,186.6,188.74,186.2859,43845293.0,0.0,1.0
2019-03-22,195.34,197.69,190.78,191.05,188.5658,42407666.0,0.0,1.0
2019-03-21,190.02,196.33,189.81,195.09,192.5533,51034237.0,0.0,1.0
2019-03-20,186.23,189.49,184.73,188.16,185.7134,31035231.0,0.0,1.0
2019-03-19,188.35,188.99,185.92,186.53,184.1046,31646369.0,0.0,1.0
2019-03-18,185.8,188.39,185.79,188.02,185.5752,26219832.0,0.0,1.0
2019-03-15,184.85,187.33,183.74,186.12,183.6999,39042912.0,0.0,1.0
2019-03-14,183.9,184.1,182.56,183.73,181.341,23579508.0,0.0,1.0
2019-03-13,182.25,183.3,180.92,181.71,179.3473,31032524.0,0.0,1.0
2019-03-12,180.0,182.67,179.37,180.91,178.5577,32467584.0,0.0,1.0
2019-03-11,175.49,179.12,175.35,178.9,176.5738,32011034.0,0.0,1.0
2019-03-08,170.32,173.07,169.5,172.91,170.6617,23999358.0,0.0,1.0
2019-03-07,173.87,174.44,172.02,172.5,170.257,24796374.0,0.0,1.0
2019-03-06,174.67,175.49,173.94,174.52,172.2508,20810384.0,0.0,1.0
2019-03-05,175.94,176.0,174.54,175.53,173.2476,19737419.0,0.0,1.0
2019-03-04,175.69,177.75,173.97,175.85,173.5635,27436203.0,0.0,1.0
2019-03-01,174.28,175.15,172.89,174.97,172.6949,25886167.0,0.0,1.0
2019-02-28,174.32,174.91,172.92,173.15,170.8986,28215416.0,0.0,1.0
2019-02-27,173.21,175.0,172.73,174.87,172.5962,27835389.0,0.0,1.0
2019-02-26,173.71,175.3,173.1732,174.33,172.0632,17070211.0,0.0,1.0
2019-02-25,174.16,175.87,173.95,174.23,171.9645,21873358.0,0.0,1.0
2019-02-22,171.58,173.0,171.38,172.97,170.7209,18913154.0,0.0,1.0
2019-02-21,171.8,172.37,170.3,171.06,168.8358,17249670.0,0.0,1.0
2019-02-20,171.19,173.32,170.99,172.03,169.7931,26114362.0,0.0,1.0
2019-02-19,169.71,171.44,169.49,170.93,168.7075,18972826.0,0.0,1.0
2019-02-15,171.25,171.7,169.75,170.42,168.2041,24626814.0,0.0,1.0
2019-02-14,169.71,171.2615,169.38,170.8,168.5791,21835747.0,0.0,1.0
2019-02-13,171.39,172.48,169.92,170.18,167.9672,22490233.0,0.0,1.0
2019-02-12,170.1,171.0,169.7,170.89,168.668,22283523.0,0.0,1.0
2019-02-11,171.05,171.21,169.25,169.43,167.227,20993425.0,0.0,1.0
2019-02-08,168.99,170.66,168.42,170.41,168.1942,23819966.0,0.73,1.0
2019-02-07,172.4,173.94,170.34,170.94,167.9977,31741690.0,0.0,1.0
2019-02-06,174.65,175.57,172.8531,174.24,171.2409,28239591.0,0.0,1.0
2019-02-05,172.86,175.08,172.3501,174.18,171.1819,36101628.0,0.0,1.0
2019-02-04,167.41,171.655,167.28,171.25,168.3023,31495582.0,0.0,1.0
2019-02-01,166.96,168.98,165.93,166.52,163.6537,32668138.0,0.0,1.0
2019-01-31,166.11,169.0,164.56,166.44,163.5751,40739649.0,0.0,1.0
2019-01-30,163.25,166.15,160.23,165.25,162.4056,61109780.0,0.0,1.0
2019-01-29,156.25,158.13,154.11,154.68,152.0175,41587239.0,0.0,1.0
2019-01-28,155.79,156.33,153.66,156.3,153.6096,26192058.0,0.0,1.0
2019-01-25,155.48,158.13,154.32,157.76,155.0445,33547893.0,0.0,1.0
2019-01-24,154.11,154.48,151.74,152.7,150.0716,25441549.0,0.0,1.0
2019-01-23,154.15,155.14,151.7,153.92,151.2706,23130570.0,0.0,1.0
2019-01-22,156.41,156.73,152.62,153.3,150.6613,30393970.0,0.0,1.0
2019-01-18,157.5,157.88,155.9806,156.82,154.1207,33751023.0,0.0,1.0
2019-01-17,154.2,157.66,153.26,155.86,153.1772,29821160.0,0.0,1.0
2019-01-16,153.08,155.88,153.0,154.94,152.2731,30569706.0,0.0,1.0
2019-01-15,150.27,153.39,150.05,153.07,150.4352,28710324.0,0.0,1.0
2019-01-14,150.85,151.27,149.22,150.0,147.4181,32439186.0,0.0,1.0
2019-01-11,152.88,153.7,151.51,152.29,149.6687,27023241.0,0.0,1.0
2019-01-10,152.5,153.97,150.86,153.8,151.1527,35780670.0,0.0,1.0
2019-01-09,151.29,154.53,149.63,153.31,150.6711,45099081.0,0.0,1.0
2019-01-08,149.56,151.82,148.52,150.75,148.1552,41025314.0,0.0,1.0
2019-01-07,148.7,148.83,145.9,147.93,145.3837,54777764.0,0.0,1.0
2019-01-04,144.53,148.5499,143.8,148.26,145.708,58607070.0,0.0,1.0
2019-01-03,143.98,145.72,142.0,142.19,139.7425,91312195.0,0.0,1.0
2019-01-02,154.89,158.85,154.23,157.92,155.2018,37039737.0,0.0,1.0
2018-12-31,158.53,159.36,156.48,157.74,155.0249,35003466.0,0.0,1.0
2018-12-28,157.5,158.52,154.55,156.23,153.5409,42291424.0,0.0,1.0
2018-12-27,155.84,156.77,150.07,156.15,153.4622,53117065.0,0.0,1.0
2018-12-26,148.3,157.23,146.72,157.17,154.4647,58582544.0,0.0,1.0
2018-12-24,148.15,151.55,146.59,146.83,144.3027,37169232.0,0.0,1.0
2018-12-21,156.86,158.16,149.63,150.73,148.1355,95744384.0,0.0,1.0
2018-12-20,160.4,162.11,155.3,156.83,154.1305,64772960.0,0.0,1.0
2018-12-19,166.0,167.45,159.09,160.89,158.1206,49047297.0,0.0,1.0
2018-12-18,165.38,167.53,164.39,166.07,163.2115,33841518.0,0.0,1.0
2018-12-17,165.45,168.35,162.73,163.94,161.1181,44287922.0,0.0,1.0
2018-12-14,169.0,169.08,165.28,165.48,162.6316,40703710.0,0.0,1.0
2018-12-13,170.49,172.57,169.55,170.95,168.0075,31897827.0,0.0,1.0
2018-12-12,170.4,171.92,169.02,169.1,166.1893,35627674.0,0.0,1.0
2018-12-11,171.66,171.79,167.0,168.63,165.7274,47281665.0,0.0,1.0
2018-12-10,165.0,170.09,163.33,169.6,166.6807,62025994.0,0.0,1.0
2018-12-07,173.49,174.49,168.3,168.49,165.5898,42281631.0,0.0,1.0
2018-12-06,171.76,174.78,170.42,174.72,171.7126,43098410.0,0.0,1.0
2018-12-04,180.95,182.3899,176.27,176.69,173.6487,41344282.0,0.0,1.0
2018-12-03,184.46,184.94,181.21,184.82,181.6387,40798002.0,0.0,1.0
2018-11-30,180.29,180.33,177.03,178.58,175.5062,39531549.0,0.0,1.0
2018-11-29,182.66,182.8,177.7,179.55,176.4595,41769992.0,0.0,1.0
2018-11-28,176.73,181.29,174.93,180.94,177.8255,46062539.0,0.0,1.0
2018-11-27,171.51,174.77,170.88,174.24,171.2409,41387377.0,0.0,1.0
2018-11-26,174.24,174.95,170.26,174.62,171.6143,44998520.0,0.0,1.0
2018-11-23,174.94,176.595,172.1,172.29,169.3244,23623972.0,0.0,1.0
2018-11-21,179.73,180.27,176.55,176.78,173.7371,31124210.0,0.0,1.0
2018-11-20,178.37,181.47,175.51,176.98,173.9337,67825247.0,0.0,1.0
2018-11-19,190.0,190.7,184.99,185.86,182.6608,41920872.0,0.0,1.0
2018-11-16,190.5,194.9695,189.46,193.53,190.1988,36928253.0,0.0,1.0
2018-11-15,188.39,191.97,186.9,191.41,188.1153,46478801.0,0.0,1.0
2018-11-14,193.9,194.48,185.93,186.8,183.5847,60800957.0,0.0,1.0
2018-11-13,191.63,197.18,191.4501,192.23,188.9212,46882936.0,0.0,1.0
2018-11-12,199.0,199.85,193.79,194.17,190.8278,51135518.0,0.0,1.0
2018-11-09,205.55,206.01,202.25,204.47,200.9505,34365750.0,0.0,1.0
2018-11-08,209.98,210.12,206.75,208.49,204.9013,25362636.0,0.73,1.0
2018-11-07,205.97,210.06,204.13,209.95,205.6162,33424434.0,0.0,1.0
2018-11-06,201.92,204.72,201.69,203.77,199.5638,31882881.0,0.0,1.0
2018-11-05,204.3,204.39,198.17,201.59,197.4288,66163669.0,0.0,1.0
2018-11-02,209.55,213.65,205.43,207.48,203.1972,91328654.0,0.0,1.0
2018-11-01,219.05,222.36,216.81,222.22,217.633,58323180.0,0.0,1.0
2018-10-31,216.88,220.45,216.62,218.86,214.3423,38358933.0,0.0,1.0
2018-10-30,211.15,215.18,209.27,213.3,208.8971,36659990.0,0.0,1.0
2018-10-29,219.19,219.69,206.09,212.24,207.859,45935520.0,0.0,1.0
2018-10-26,215.9,220.19,212.67,216.3,211.8352,47258375.0,0.0,1.0
2018-10-25,217.71,221.38,216.75,219.8,215.2629,29855768.0,0.0,1.0
2018-10-24,222.6,224.23,214.54,215.09,210.6501,40925163.0,0.0,1.0
2018-10-23,215.83,223.25,214.7,222.73,218.1324,38767846.0,0.0,1.0
2018-10-22,219.79,223.36,218.94,220.65,216.0954,28792082.0,0.0,1.0
2018-10-19,218.06,221.26,217.43,219.31,214.783,33078726.0,0.0,1.0
2018-10-18,217.86,219.74,213.0,216.02,211.561,32581315.0,0.0,1.0
2018-10-17,222.3,222.64,219.34,221.19,216.6242,22885397.0,0.0,1.0
2018-10-16,218.93,222.99,216.7627,222.15,217.5644,29183963.0,0.0,1.0
2018-10-15,221.16,221.83,217.27,217.36,212.8733,30791007.0,0.0,1.0
2018-10-12,220.42,222.88,216.84,222.11,217.5252,40337851.0,0.0,1.0
2018-10-11,214.52,219.5,212.32,214.45,210.0234,53124392.0,0.0,1.0
2018-10-10,225.46,226.35,216.05,216.36,211.8939,41990554.0,0.0,1.0
2018-10-09,223.64,227.27,222.2462,226.87,222.187,26891029.0,0.0,1.0
2018-10-08,222.21,224.8,220.2,223.77,219.151,29663923.0,0.0,1.0
2018-10-05,227.96,228.41,220.58,224.29,219.6602,33580463.0,0.0,1.0
2018-10-04,230.78,232.35,226.73,227.99,223.2839,32042000.0,0.0,1.0
2018-10-03,230.05,233.47,229.78,232.07,227.2797,28654799.0,0.0,1.0
2018-10-02,227.25,230.0,226.63,229.28,224.5472,24788170.0,0.0,1.0
2018-10-01,227.95,229.42,226.35,227.26,222.5689,23600802.0,0.0,1.0
2018-09-28,224.79,225.84,224.02,225.74,221.0803,22929364.0,0.0,1.0
2018-09-27,223.82,226.44,223.54,224.95,220.3066,30181227.0,0.0,1.0
2018-09-26,221.0,223.75,219.76,220.42,215.8701,23984706.0,0.0,1.0
2018-09-25,219.75,222.82,219.7,222.19,217.6036,24554379.0,0.0,1.0
2018-09-24,216.82,221.26,216.63,220.79,216.2325,27693358.0,0.0,1.0
2018-09-21,220.78,221.36,217.29,217.66,213.1671,96246748.0,0.0,1.0
2018-09-20,220.24,222.28,219.15,220.03,215.4882,26608794.0,0.0,1.0
2018-09-19,218.5,219.62,215.3,218.37,213.8624,27123833.0,0.0,1.0
2018-09-18,217.79,221.85,217.12,218.24,213.7351,31571712.0,0.0,1.0
2018-09-17,222.15,222.95,217.27,217.88,213.3826,37195133.0,0.0,1.0
2018-09-14,225.75,226.84,222.522,223.84,219.2195,31999289.0,0.0,1.0
2018-09-13,223.52,228.35,222.57,226.41,221.7365,41706377.0,0.0,1.0
2018-09-12,224.94,225.0,219.84,221.07,216.5067,49278740.0,0.0,1.0
2018-09-11,218.01,224.299,216.56,223.85,219.2293,35749049.0,0.0,1.0
2018-09-10,220.95,221.85,216.47,218.33,213.8233,39516453.0,0.0,1.0
2018-09-07,221.85,225.37,220.71,221.3,216.732,37619810.0,0.0,1.0
2018-09-06,226.23,227.35,221.3,223.1,218.4948,34289976.0,0.0,1.0
2018-09-05,228.99,229.67,225.1,226.87,222.187,33332960.0,0.0,1.0
2018-09-04,228.41,229.18,226.63,228.36,223.6462,27390132.0,0.0,1.0
2018-08-31,226.51,228.87,226.0,227.63,222.9313,43340134.0,0.0,1.0
2018-08-30,223.25,228.26,222.4,225.03,220.385,48793824.0,0.0,1.0
2018-08-29,220.15,223.49,219.41,222.98,218.3773,27254804.0,0.0,1.0
2018-08-28,219.01,220.54,218.92,219.7,215.165,22776766.0,0.0,1.0
2018-08-27,217.15,218.74,216.33,217.94,213.4413,20525117.0,0.0,1.0
2018-08-24,216.6,216.9,215.11,216.16,211.6981,18476356.0,0.0,1.0
2018-08-23,214.65,217.05,214.6,215.49,211.0419,18883224.0,0.0,1.0
2018-08-22,214.1,216.36,213.84,215.05,210.611,19018131.0,0.0,1.0
2018-08-21,216.8,217.19,214.025,215.04,210.6012,26159755.0,0.0,1.0
2018-08-20,218.1,219.18,215.11,215.46,211.0125,30287695.0,0.0,1.0
2018-08-17,213.44,217.95,213.16,217.58,213.0888,35426997.0,0.0,1.0
2018-08-16,211.75,213.8121,211.47,213.32,208.9167,28500367.0,0.0,1.0
2018-08-15,209.22,210.74,208.33,210.24,205.9003,28807564.0,0.0,1.0
2018-08-14,210.155,210.56,208.26,209.75,205.4204,20748010.0,0.0,1.0
2018-08-13,207.7,210.952,207.7,208.87,204.5585,25890880.0,0.0,1.0
2018-08-10,207.36,209.1,206.67,207.53,203.2462,24611202.0,0.73,1.0
2018-08-09,207.28,209.78,207.2,208.88,203.8513,23492626.0,0.0,1.0
2018-08-08,206.05,207.81,204.52,207.25,202.2605,22525487.0,0.0,1.0
2018-08-07,209.32,209.5,206.76,207.11,202.1239,25587387.0,0.0,1.0
2018-08-06,208.0,209.25,207.07,209.07,204.0367,25425387.0,0.0,1.0
2018-08-03,207.03,208.74,205.4803,207.99,202.9827,33447396.0,0.0,1.0
2018-08-02,200.58,208.38,200.35,207.39,202.3971,62404012.0,0.0,1.0
2018-08-01,199.13,201.76,197.31,201.5,196.6489,67935716.0,0.0,1.0
2018-07-31,190.3,192.14,189.34,190.29,185.7088,39373038.0,0.0,1.0
2018-07-30,191.9,192.2,189.07,189.91,185.338,21029535.0,0.0,1.0
2018-07-27,194.99,195.19,190.1,190.98,186.3822,24023972.0,0.0,1.0
2018-07-26,194.61,195.96,193.61,194.21,189.5345,19075964.0,0.0,1.0
2018-07-25,193.0602,194.85,192.43,194.82,190.1298,16826483.0,0.0,1.0
2018-07-24,192.45,193.6601,192.05,193.0,188.3536,18697898.0,0.0,1.0
2018-07-23,190.68,191.96,189.56,191.61,186.997,15989365.0,0.0,1.0
2018-07-20,191.78,192.43,190.17,191.44,186.8311,20706042.0,0.0,1.0
2018-07-19,189.69,192.55,189.69,191.88,187.2605,20286752.0,0.0,1.0
2018-07-18,191.78,191.8,189.93,190.4,185.8162,16393381.0,0.0,1.0
2018-07-17,189.75,191.87,189.2,191.45,186.8409,15534523.0,0.0,1.0
2018-07-16,191.52,192.65,190.415,190.91,186.3139,15043110.0,0.0,1.0
2018-07-13,191.08,191.84,190.9,191.33,186.7238,12519792.0,0.0,1.0
2018-07-12,189.53,191.41,189.31,191.03,186.431,18041131.0,0.0,1.0
2018-07-11,188.5,189.7799,187.61,187.88,183.3568,18831470.0,0.0,1.0
2018-07-10,190.71,191.28,190.1801,190.35,185.7674,15939149.0,0.0,1.0
2018-07-09,189.5,190.68,189.3,190.58,185.9918,19756634.0,0.0,1.0
2018-07-06,185.42,188.434,185.2,187.97,183.4447,17485245.0,0.0,1.0
2018-07-05,185.26,186.41,184.28,185.4,180.9365,16604248.0,0.0,1.0
2018-07-03,187.79,187.95,183.54,183.92,179.4922,13954806.0,0.0,1.0
2018-07-02,183.82,187.3,183.42,187.18,182.6737,17731343.0,0.0,1.0
2018-06-29,186.29,187.19,182.91,185.11,180.6535,22737666.0,0.0,1.0
2018-06-28,184.1,186.21,183.8,185.5,181.0341,17365235.0,0.0,1.0
2018-06-27,185.2278,187.28,184.03,184.16,179.7264,25285328.0,0.0,1.0
2018-06-26,182.99,186.53,182.54,184.43,179.9899,24569201.0,0.0,1.0
2018-06-25,183.4,184.92,180.73,182.17,177.7843,31663096.0,0.0,1.0
2018-06-22,186.12,186.15,184.7,184.92,180.4681,27200447.0,0.0,1.0
2018-06-21,187.25,188.35,184.94,185.46,180.9951,25711898.0,0.0,1.0
2018-06-20,186.35,187.2,185.73,186.5,182.0101,20628701.0,0.0,1.0
2018-06-19,185.14,186.33,183.45,185.69,181.2196,33578455.0,0.0,1.0
2018-06-18,187.88,189.22,187.2,188.74,184.1961,18484865.0,0.0,1.0
2018-06-15,190.03,190.16,188.26,188.84,184.2937,61719160.0,0.0,1.0
2018-06-14,191.55,191.57,190.22,190.8,186.2065,21610074.0,0.0,1.0
2018-06-13,192.42,192.88,190.44,190.7,186.109,21638393.0,0.0,1.0
2018-06-12,191.385,192.611,191.15,192.28,187.6509,16911141.0,0.0,1.0
2018-06-11,191.35,191.97,190.21,191.23,186.6262,18308460.0,0.0,1.0
2018-06-08,191.17,192.0,189.77,191.7,187.0849,26656799.0,0.0,1.0
2018-06-07,194.14,194.2,192.335,193.46,188.8025,21347180.0,0.0,1.0
2018-06-06,193.63,194.08,191.92,193.98,189.31,20933619.0,0.0,1.0
2018-06-05,193.065,193.94,192.36,193.31,188.6561,21565963.0,0.0,1.0
2018-06-04,191.635,193.42,191.35,191.83,187.2117,26266174.0,0.0,1.0
2018-06-01,187.9912,190.26,187.75,190.24,185.66,23442510.0,0.0,1.0
2018-05-31,187.22,188.23,186.14,186.87,182.3712,27482793.0,0.0,1.0
2018-05-30,187.72,188.0,186.78,187.5,182.986,18690547.0,0.0,1.0
2018-05-29,187.6,188.75,186.87,187.9,183.3764,22514075.0,0.0,1.0
2018-05-25,188.23,189.65,187.65,188.58,184.04,17460963.0,0.0,1.0
2018-05-24,188.77,188.84,186.21,188.15,183.6203,23233975.0,0.0,1.0
2018-05-23,186.35,188.5,185.76,188.36,183.8253,20058415.0,0.0,1.0
2018-05-22,188.375,188.88,186.78,187.16,182.6542,15240704.0,0.0,1.0
2018-05-21,188.0,189.27,186.9106,187.63,183.1129,18400787.0,0.0,1.0
2018-05-18,187.19,187.8102,186.13,186.31,181.8246,18297728.0,0.0,1.0
2018-05-17,188.0,188.91,186.36,186.99,182.4883,17294029.0,0.0,1.0
2018-05-16,186.07,188.46,186.0,188.18,183.6496,19183064.0,0.0,1.0
2018-05-15,186.78,187.07,185.1,186.44,181.9515,23695159.0,0.0,1.0
2018-05-14,189.01,189.53,187.86,188.15,183.6203,20778772.0,0.0,1.0
2018-05-11,189.49,190.06,187.45,188.59,184.0498,26212221.0,0.73,1.0
2018-05-10,187.74,190.37,187.65,190.04,184.7497,27989289.0,0.0,1.0
2018-05-09,186.55,187.4,185.22,187.36,182.1443,23211241.0,0.0,1.0
2018-05-08,184.99,186.22,183.665,186.05,180.8708,28402777.0,0.0,1.0
2018-05-07,185.18,187.67,184.75,185.16,180.0056,42451423.0,0.0,1.0
2018-05-04,178.25,184.25,178.17,183.83,178.7126,56201317.0,0.0,1.0
2018-05-03,175.88,177.5,174.4411,176.89,171.9658,34068180.0,0.0,1.0
2018-05-02,175.225,177.75,173.8,176.57,171.6547,66539371.0,0.0,1.0
2018-05-01,166.4102,169.2,165.27,169.1,164.3926,53569376.0,0.0,1.0
2018-04-30,162.1302,167.26,161.84,165.26,160.6595,42427424.0,0.0,1.0
2018-04-27,164.0,164.33,160.63,162.32,157.8014,35655839.0,0.0,1.0
2018-04-26,164.12,165.73,163.37,164.22,159.6485,27963014.0,0.0,1.0
2018-04-25,162.62,165.42,162.41,163.65,159.0943,28382084.0,0.0,1.0
2018-04-24,165.67,166.33,161.2201,162.94,158.4041,33692017.0,0.0,1.0
2018-04-23,166.8348,166.92,164.09,165.24,160.6401,36515477.0,0.0,1.0
2018-04-20,170.595,171.2184,165.43,165.72,161.1067,65491140.0,0.0,1.0
2018-04-19,174.95,175.39,172.66,172.8,167.9896,34808800.0,0.0,1.0
2018-04-18,177.81,178.82,176.88,177.84,172.8893,20754538.0,0.0,1.0
2018-04-17,176.49,178.9365,176.41,178.24,173.2782,26605442.0,0.0,1.0
2018-04-16,175.0301,176.19,174.8301,175.82,170.9256,21578420.0,0.0,1.0
2018-04-13,174.78,175.84,173.85,174.73,169.8659,25124255.0,0.0,1.0
2018-04-12,173.41,175.0,173.04,174.14,169.2923,22889285.0,0.0,1.0
2018-04-11,172.23,173.9232,171.7,172.44,167.6397,22431640.0,0.0,1.0
2018-04-10,173.0,174.0,171.53,173.25,168.4271,28614241.0,0.0,1.0
2018-04-09,169.88,173.09,169.845,170.05,165.3162,29017718.0,0.0,1.0
2018-04-06,170.97,172.48,168.2,168.38,163.6927,35005290.0,0.0,1.0
2018-04-05,172.58,174.2304,172.08,172.8,167.9896,26933197.0,0.0,1.0
2018-04-04,164.88,172.01,164.77,171.61,166.8328,34605489.0,0.0,1.0
2018-04-03,167.64,168.7455,164.88,168.39,163.7024,30278046.0,0.0,1.0
2018-04-02,167.88,168.94,164.47,166.68,162.04,37586791.0,0.0,1.0
2018-03-29,167.805,171.75,166.9,167.78,163.1094,38398505.0,0.0,1.0
2018-03-28,167.25,170.02,165.19,166.48,161.8456,41668545.0,0.0,1.0
2018-03-27,173.68,175.15,166.92,168.34,163.6538,38962839.0,0.0,1.0
2018-03-26,168.07,173.1,166.44,172.77,167.9605,36272617.0,0.0,1.0
2018-03-23,168.39,169.92,164.94,164.94,160.3484,40248954.0,0.0,1.0
2018-03-22,170.0,172.68,168.6,168.85,164.1496,41051076.0,0.0,1.0
2018-03-21,175.04,175.09,171.26,171.27,166.5022,35247358.0,0.0,1.0
2018-03-20,175.24,176.8,174.94,175.24,170.3617,19314039.0,0.0,1.0
2018-03-19,177.32,177.47,173.66,175.3,170.42,32804695.0,0.0,1.0
2018-03-16,178.65,179.12,177.62,178.02,173.0643,36836456.0,0.0,1.0
2018-03-15,178.5,180.24,178.0701,178.65,173.6768,22584565.0,0.0,1.0
2018-03-14,180.32,180.52,177.81,178.44,173.4726,29075469.0,0.0,1.0
2018-03-13,182.59,183.5,179.24,179.97,174.96,31168404.0,0.0,1.0
2018-03-12,180.29,182.39,180.21,181.72,176.6613,32055405.0,0.0,1.0
2018-03-09,177.96,180.0,177.39,179.98,174.9698,31385134.0,0.0,1.0
2018-03-08,175.48,177.12,175.07,176.94,172.0144,23163767.0,0.0,1.0
2018-03-07,174.94,175.85,174.27,175.03,170.1576,31703462.0,0.0,1.0
2018-03-06,177.91,178.25,176.13,176.67,171.7519,23788506.0,0.0,1.0
2018-03-05,175.21,177.74,174.52,176.82,171.8977,28401366.0,0.0,1.0
2018-03-02,172.8,176.3,172.45,176.21,171.3047,38453950.0,0.0,1.0
2018-03-01,178.54,179.775,172.66,175.0,170.1284,48801970.0,0.0,1.0
2018-02-28,179.26,180.615,178.05,178.12,173.1615,33604574.0,0.0,1.0
2018-02-27,179.1,180.48,178.16,178.39,173.424,38685165.0,0.0,1.0
2018-02-26,176.35,179.39,176.21,178.97,173.9879,36886432.0,0.0,1.0
2018-02-23,173.67,175.65,173.54,175.5,170.6145,33329232.0,0.0,1.0
2018-02-22,171.8,173.95,171.71,172.5,167.698,30504116.0,0.0,1.0
2018-02-21,172.83,174.12,171.01,171.07,166.3078,35833514.0,0.0,1.0
2018-02-20,172.05,174.26,171.42,171.85,167.0661,33531012.0,0.0,1.0
2018-02-16,172.36,174.82,171.77,172.43,167.6299,39638793.0,0.0,1.0
2018-02-15,169.79,173.09,169.0,172.99,168.1743,50609595.0,0.0,1.0
2018-02-14,163.045,167.54,162.88,167.37,162.7108,39669178.0,0.0,1.0
2018-02-13,161.95,164.75,161.65,164.34,159.7651,32104756.0,0.0,1.0
2018-02-12,158.5,163.89,157.51,162.71,158.1805,60560145.0,0.0,1.0
2018-02-09,157.07,157.89,150.24,156.41,152.0559,66723743.0,0.63,1.0
2018-02-08,160.29,161.0,155.03,155.15,150.2259,49594129.0,0.0,1.0
2018-02-07,163.085,163.4,159.0685,159.54,154.4765,50852130.0,0.0,1.0
2018-02-06,154.83,163.72,154.0,163.03,157.8558,66625484.0,0.0,1.0
2018-02-05,159.1,163.88,156.0,156.49,151.5233,66090446.0,0.0,1.0
2018-02-02,166.0,166.8,160.1,160.5,155.4061,85436075.0,0.0,1.0
2018-02-01,167.165,168.62,166.76,167.78,162.455,38099665.0,0.0,1.0
2018-01-31,166.87,168.4417,166.5,167.43,162.1161,30984099.0,0.0,1.0
2018-01-30,165.525,167.37,164.7,166.97,161.6707,45137026.0,0.0,1.0
2018-01-29,170.16,170.16,167.07,167.96,162.6293,48434424.0,0.0,1.0
2018-01-26,172.0,172.0,170.06,171.51,166.0666,37121805.0,0.0,1.0
2018-01-25,174.505,174.95,170.53,171.11,165.6793,39661804.0,0.0,1.0
2018-01-24,177.25,177.3,173.2,174.22,168.6906,50562257.0,0.0,1.0
2018-01-23,177.3,179.44,176.82,177.04,171.4211,31702531.0,0.0,1.0
2018-01-22,177.3,177.78,176.6016,177.0,171.3824,26023683.0,0.0,1.0
2018-01-19,178.61,179.58,177.41,178.46,172.7961,30827809.0,0.0,1.0
2018-01-18,179.37,180.1,178.25,179.26,173.5707,30234512.0,0.0,1.0
2018-01-17,176.15,179.25,175.07,179.1,173.4158,32752734.0,0.0,1.0
2018-01-16,177.9,179.39,176.14,176.19,170.5981,29159005.0,0.0,1.0
2018-01-12,176.18,177.36,175.65,177.09,171.4695,25039531.0,0.0,1.0
2018-01-11,174.59,175.4886,174.49,175.28,169.717,17523256.0,0.0,1.0
2018-01-10,173.16,174.3,173.0,174.29,168.7584,23589129.0,0.0,1.0
2018-01-09,174.55,175.06,173.41,174.33,168.7971,21262614.0,0.0,1.0
2018-01-08,174.35,175.61,173.93,174.35,168.8165,20134092.0,0.0,1.0
2018-01-05,173.44,175.37,173.05,175.0,169.4459,23016177.0,0.0,1.0
2018-01-04,172.54,173.47,172.08,173.03,167.5384,22211345.0,0.0,1.0
2018-01-03,172.53,174.55,171.96,172.23,166.7638,28819653.0,0.0,1.0
2018-01-02,170.16,172.3,169.26,172.26,166.7928,25048048.0,0.0,1.0
2017-12-29,170.52,170.59,169.22,169.23,163.859,25643711.0,0.0,1.0
2017-12-28,171.0,171.85,170.48,171.08,165.6503,15997739.0,0.0,1.0
2017-12-27,170.1,170.78,169.71,170.6,165.1855,21672062.0,0.0,1.0
2017-12-26,170.8,171.47,169.679,170.57,165.1565,32968167.0,0.0,1.0
2017-12-22,174.68,175.424,174.5,175.01,169.4556,16052615.0,0.0,1.0
2017-12-21,174.17,176.02,174.1,175.01,169.4556,20356826.0,0.0,1.0
2017-12-20,174.87,175.42,173.25,174.35,168.8165,23000392.0,0.0,1.0
2017-12-19,175.03,175.39,174.09,174.54,169.0005,27078872.0,0.0,1.0
2017-12-18,174.88,177.2,174.86,176.42,170.8208,28831533.0,0.0,1.0
2017-12-15,173.63,174.17,172.46,173.97,168.4486,37054632.0,0.0,1.0
2017-12-14,172.4,173.13,171.65,172.22,166.7541,20219307.0,0.0,1.0
2017-12-13,172.5,173.54,172.0,172.27,166.8025,23142242.0,0.0,1.0
2017-12-12,172.15,172.39,171.461,171.7,166.2506,18945457.0,0.0,1.0
2017-12-11,169.2,172.89,168.79,172.67,167.1898,33092051.0,0.0,1.0
2017-12-08,170.49,171.0,168.82,169.37,163.9946,23096872.0,0.0,1.0
2017-12-07,169.03,170.44,168.91,169.32,163.9462,24469613.0,0.0,1.0
2017-12-06,167.5,170.2047,166.46,169.01,163.646,28224357.0,0.0,1.0
2017-12-05,169.06,171.52,168.4,169.64,164.256,27008428.0,0.0,1.0
2017-12-04,172.48,172.62,169.63,169.8,164.4109,32115052.0,0.0,1.0
2017-12-01,169.95,171.67,168.5,171.05,165.6212,39590080.0,0.0,1.0
2017-11-30,170.43,172.14,168.44,171.85,166.3959,40172368.0,0.0,1.0
2017-11-29,172.63,172.92,167.16,169.48,164.1011,40788324.0,0.0,1.0
2017-11-28,174.3,174.87,171.86,173.07,167.5771,25468442.0,0.0,1.0
2017-11-27,175.05,175.08,173.34,174.09,168.5648,20536313.0,0.0,1.0
2017-11-24,175.1,175.5,174.6459,174.97,169.4168,14026519.0,0.0,1.0
2017-11-22,173.36,175.0,173.05,174.96,169.4072,24997274.0,0.0,1.0
2017-11-21,170.78,173.7,170.78,173.14,167.6449,24875471.0,0.0,1.0
2017-11-20,170.29,170.56,169.56,169.98,164.5852,15974387.0,0.0,1.0
2017-11-17,171.04,171.39,169.64,170.15,164.7498,21665811.0,0.0,1.0
2017-11-16,171.18,171.87,170.3,171.1,165.6697,23497326.0,0.0,1.0
2017-11-15,169.97,170.3197,168.38,169.08,163.7138,28702351.0,0.0,1.0
2017-11-14,173.04,173.48,171.18,171.34,165.902,23588451.0,0.0,1.0
2017-11-13,173.5,174.5,173.4,173.97,168.4486,16828025.0,0.0,1.0
2017-11-10,175.11,175.38,174.27,174.67,169.1264,25061183.0,0.63,1.0
2017-11-09,175.11,176.095,173.14,175.88,169.6859,28636531.0,0.0,1.0
2017-11-08,174.66,176.24,174.33,176.24,170.0333,24409527.0,0.0,1.0
2017-11-07,173.91,175.25,173.6,174.81,168.6536,23910914.0,0.0,1.0
2017-11-06,172.365,174.99,171.72,174.25,168.1133,34242566.0,0.0,1.0
2017-11-03,174.0,174.26,171.12,172.5,166.425,58683826.0,0.0,1.0
2017-11-02,167.64,168.5,165.28,168.11,162.1896,32710040.0,0.0,1.0
2017-11-01,169.87,169.94,165.61,166.89,161.0125,33100847.0,0.0,1.0
2017-10-31,167.9,169.6499,166.94,169.04,163.0868,35474672.0,0.0,1.0
2017-10-30,163.89,168.07,163.72,166.72,160.8485,43923292.0,0.0,1.0
2017-10-27,159.29,163.6,158.7,163.05,157.3078,43904150.0,0.0,1.0
2017-10-26,157.23,157.8295,156.78,157.41,151.8664,16751691.0,0.0,1.0
2017-10-25,156.91,157.55,155.27,156.41,150.9016,20126554.0,0.0,1.0
2017-10-24,156.29,157.42,156.2,157.1,151.5673,17137731.0,0.0,1.0
2017-10-23,156.89,157.69,155.5,156.17,150.6701,21654461.0,0.0,1.0
2017-10-20,156.61,157.75,155.96,156.25,150.7473,23612246.0,0.0,1.0
2017-10-19,156.75,157.08,155.02,155.98,150.4868,42111326.0,0.0,1.0
2017-10-18,160.42,160.71,159.6,159.76,154.1336,16158659.0,0.0,1.0
2017-10-17,159.78,160.87,159.23,160.47,154.8186,18816438.0,0.0,1.0
2017-10-16,157.9,160.0,157.65,159.88,154.2494,23894630.0,0.0,1.0
2017-10-13,156.73,157.28,156.41,156.99,151.4612,16287608.0,0.0,1.0
2017-10-12,156.35,157.37,155.7299,156.0,150.5061,16045720.0,0.0,1.0
2017-10-11,155.97,156.98,155.75,156.55,151.0367,16607693.0,0.0,1.0
2017-10-10,156.055,158.0,155.1,155.9,150.4096,15456331.0,0.0,1.0
2017-10-09,155.81,156.73,155.485,155.84,150.3517,16200129.0,0.0,1.0
2017-10-06,154.97,155.49,154.56,155.3,149.8307,16423749.0,0.0,1.0
2017-10-05,154.18,155.44,154.05,155.39,149.9175,21032800.0,0.0,1.0
2017-10-04,153.63,153.86,152.46,153.48,148.0748,19844177.0,0.0,1.0
2017-10-03,154.01,155.09,153.91,154.48,149.0396,16146388.0,0.0,1.0
2017-10-02,154.26,154.45,152.72,153.81,148.3932,18524860.0,0.0,1.0
2017-09-29,153.21,154.13,152.0,154.12,148.6923,25856530.0,0.0,1.0
2017-09-28,153.89,154.28,152.7,153.28,147.8818,21896592.0,0.0,1.0
2017-09-27,153.8,154.7189,153.54,154.23,148.7984,24959552.0,0.0,1.0
2017-09-26,151.78,153.92,151.69,153.14,147.7468,35470985.0,0.0,1.0
2017-09-25,149.99,151.83,149.16,150.55,145.248,43922334.0,0.0,1.0
2017-09-22,152.02,152.27,150.56,151.89,146.5408,46114424.0,0.0,1.0
2017-09-21,155.8,155.8,152.75,153.39,147.988,36643382.0,0.0,1.0
2017-09-20,157.9,158.26,153.83,156.07,150.5736,51693239.0,0.0,1.0
2017-09-19,159.51,159.77,158.44,158.73,153.1399,20347352.0,0.0,1.0
2017-09-18,160.11,160.5,157.995,158.67,153.082,27939718.0,0.0,1.0
2017-09-15,158.47,160.97,158.0,159.88,154.2494,48203642.0,0.0,1.0
2017-09-14,158.99,159.4,158.09,158.28,152.7058,23073646.0,0.0,1.0
2017-09-13,159.87,159.96,157.91,159.65,154.0275,44393752.0,0.0,1.0
2017-09-12,162.61,163.96,158.77,160.86,155.1949,71139119.0,0.0,1.0
2017-09-11,160.5,162.05,159.89,161.5,155.8124,31028926.0,0.0,1.0
2017-09-08,160.86,161.15,158.53,158.63,153.0434,28183159.0,0.0,1.0
2017-09-07,162.09,162.24,160.36,161.26,155.5808,21722995.0,0.0,1.0
2017-09-06,162.71,162.99,160.52,161.91,156.2079,21179047.0,0.0,1.0
2017-09-05,163.75,164.25,160.56,162.08,156.3719,29317054.0,0.0,1.0
2017-09-01,164.8,164.94,163.63,164.05,158.2726,16508568.0,0.0,1.0
2017-08-31,163.64,164.52,163.48,164.0,158.2243,26412439.0,0.0,1.0
2017-08-30,163.8,163.89,162.61,163.35,157.5972,26973946.0,0.0,1.0
2017-08-29,160.1,163.12,160.0,162.91,157.1727,29307862.0,0.0,1.0
2017-08-28,160.14,162.0,159.93,161.47,155.7834,25279674.0,0.0,1.0
2017-08-25,159.65,160.56,159.27,159.86,154.2301,25015218.0,0.0,1.0
2017-08-24,160.43,160.74,158.55,159.27,153.6609,19029621.0,0.0,1.0
2017-08-23,159.07,160.47,158.88,159.98,154.3459,19198189.0,0.0,1.0
2017-08-22,158.23,160.0,158.02,159.78,154.1529,21297812.0,0.0,1.0
2017-08-21,157.5,157.89,155.1101,157.21,151.6734,26145653.0,0.0,1.0
2017-08-18,157.86,159.5,156.72,157.5,151.9532,27012525.0,0.0,1.0
2017-08-17,160.52,160.71,157.84,157.86,152.3005,26925694.0,0.0,1.0
2017-08-16,161.94,162.51,160.15,160.95,155.2817,27321761.0,0.0,1.0
2017-08-15,160.66,162.195,160.14,161.6,155.9088,27936774.0,0.0,1.0
2017-08-14,159.32,160.21,158.75,159.85,154.2205,21754810.0,0.0,1.0
2017-08-11,156.6,158.5728,156.07,157.48,151.9339,25943187.0,0.0,1.0
2017-08-10,159.9,160.0,154.63,155.32,149.85,39081017.0,0.63,1.0
2017-08-09,159.26,161.27,159.11,161.06,154.7601,25640394.0,0.0,1.0
2017-08-08,158.6,161.83,158.27,160.08,153.8185,35775675.0,0.0,1.0
2017-08-07,157.06,158.92,156.6701,158.81,152.5981,21870321.0,0.0,1.0
2017-08-04,156.07,157.4,155.69,156.39,150.2728,20349532.0,0.0,1.0
2017-08-03,157.05,157.21,155.02,155.57,149.4849,26000738.0,0.0,1.0
2017-08-02,159.28,159.75,156.16,157.14,150.9935,69222793.0,0.0,1.0
2017-08-01,149.1,150.22,148.41,150.05,144.1808,24725526.0,0.0,1.0
2017-07-31,149.9,150.33,148.13,148.73,142.9124,19422655.0,0.0,1.0
2017-07-28,149.89,150.23,149.19,149.5,143.6523,16832947.0,0.0,1.0
2017-07-27,153.75,153.99,147.3,150.56,144.6708,32175875.0,0.0,1.0
2017-07-26,153.35,153.93,153.06,153.46,147.4574,15172136.0,0.0,1.0
2017-07-25,151.8,153.84,151.8,152.74,146.7656,18612649.0,0.0,1.0
2017-07-24,150.58,152.44,149.9,152.09,146.141,21122730.0,0.0,1.0
2017-07-21,149.99,150.44,148.88,150.27,144.3922,24671002.0,0.0,1.0
2017-07-20,151.5,151.74,150.19,150.34,144.4594,17053326.0,0.0,1.0
2017-07-19,150.48,151.42,149.95,151.02,145.1128,20615419.0,0.0,1.0
2017-07-18,149.2,150.13,148.67,150.08,144.2096,17713795.0,0.0,1.0
2017-07-17,148.82,150.9,148.57,149.56,143.7099,23243713.0,0.0,1.0
2017-07-14,147.97,149.33,147.33,149.04,143.2103,19961788.0,0.0,1.0
2017-07-13,145.5,148.49,145.44,147.77,141.99,24922788.0,0.0,1.0
2017-07-12,145.87,146.18,144.82,145.74,140.0394,23617964.0,0.0,1.0
2017-07-11,144.73,145.85,144.38,145.53,139.8376,18311156.0,0.0,1.0
2017-07-10,144.11,145.95,143.37,145.06,139.386,21030466.0,0.0,1.0
2017-07-07,142.9,144.75,142.9,144.18,138.5404,18505351.0,0.0,1.0
2017-07-06,143.02,143.5,142.41,142.73,137.1471,23374374.0,0.0,1.0
2017-07-05,143.69,144.79,142.7237,144.09,138.4539,20758795.0,0.0,1.0
2017-07-03,144.88,145.3,143.1,143.5,137.887,14258300.0,0.0,1.0
2017-06-30,144.45,144.96,143.78,144.02,138.3866,22328979.0,0.0,1.0
2017-06-29,144.71,145.13,142.28,143.68,138.0599,31116980.0,0.0,1.0
2017-06-28,144.49,146.11,143.1601,145.83,140.1258,21915939.0,0.0,1.0
2017-06-27,145.01,146.16,143.62,143.73,138.108,24423643.0,0.0,1.0
2017-06-26,147.17,148.28,145.38,145.82,140.1162,25524661.0,0.0,1.0
2017-06-23,145.13,147.16,145.11,146.28,140.5582,25997976.0,0.0,1.0
2017-06-22,145.77,146.7,145.1199,145.63,139.9337,18673365.0,0.0,1.0
2017-06-21,145.52,146.0693,144.61,145.87,140.1643,21064679.0,0.0,1.0
2017-06-20,146.87,146.87,144.94,145.01,139.3379,24572170.0,0.0,1.0
2017-06-19,143.66,146.74,143.66,146.34,140.6159,31449132.0,0.0,1.0
2017-06-16,143.78,144.5,142.2,142.27,136.7051,49180748.0,0.0,1.0
2017-06-15,143.32,144.4798,142.21,144.29,138.6461,31348832.0,0.0,1.0
2017-06-14,147.5,147.5,143.84,145.16,139.4821,31224203.0,0.0,1.0
2017-06-13,147.16,147.45,145.15,146.59,140.8561,33749154.0,0.0,1.0
2017-06-12,145.74,146.09,142.51,145.42,139.7319,71563614.0,0.0,1.0
2017-06-09,155.19,155.19,146.02,148.98,143.1526,64882700.0,0.0,1.0
2017-06-08,155.25,155.54,154.4,154.99,148.9276,20771367.0,0.0,1.0
2017-06-07,155.02,155.98,154.48,155.37,149.2927,20678772.0,0.0,1.0
2017-06-06,153.9,155.81,153.78,154.45,148.4087,26249630.0,0.0,1.0
2017-06-05,154.34,154.45,153.46,153.93,147.909,24803858.0,0.0,1.0
2017-06-02,153.58,155.45,152.89,155.45,149.3696,27285861.0,0.0,1.0
2017-06-01,153.17,153.33,152.22,153.18,147.1884,16180143.0,0.0,1.0
2017-05-31,153.97,154.17,152.38,152.76,146.7848,23162873.0,0.0,1.0
2017-05-30,153.42,154.43,153.33,153.67,147.6592,20034934.0,0.0,1.0
2017-05-26,154.0,154.24,153.31,153.61,147.6015,21632202.0,0.0,1.0
2017-05-25,153.73,154.35,153.03,153.87,147.8514,19044463.0,0.0,1.0
2017-05-24,153.84,154.17,152.67,153.34,147.3421,19118319.0,0.0,1.0
2017-05-23,154.9,154.9,153.31,153.8,147.7841,19430358.0,0.0,1.0
2017-05-22,154.0,154.58,152.91,153.99,147.9667,22340069.0,0.0,1.0
2017-05-19,153.38,153.98,152.63,153.06,147.073,26733798.0,0.0,1.0
2017-05-18,151.27,153.34,151.13,152.54,146.5734,33159664.0,0.0,1.0
2017-05-17,153.6,154.57,149.71,150.25,144.373,49482818.0,0.0,1.0
2017-05-16,155.94,156.06,154.72,155.47,149.3888,19904679.0,0.0,1.0
2017-05-15,156.01,156.65,155.05,155.7,149.6098,25700983.0,0.0,1.0
2017-05-12,154.7,156.42,154.67,156.1,149.9941,32221756.0,0.0,1.0
2017-05-11,152.45,154.07,152.31,153.95,147.9282,25596687.0,0.63,1.0
2017-05-10,153.63,153.94,152.11,153.26,146.665,25670456.0,0.0,1.0
2017-05-09,153.87,154.88,153.45,153.99,147.3636,35942435.0,0.0,1.0
2017-05-08,149.03,153.7,149.03,153.01,146.4258,48339210.0,0.0,1.0
2017-05-05,146.76,148.98,146.76,148.96,142.5501,26787359.0,0.0,1.0
2017-05-04,146.52,147.14,145.81,146.53,140.2246,23275690.0,0.0,1.0
2017-05-03,145.59,147.49,144.27,147.06,140.7318,45142806.0,0.0,1.0
2017-05-02,147.54,148.09,146.84,147.51,141.1625,39752670.0,0.0,1.0
2017-05-01,145.1,147.2,144.96,146.58,140.2725,32818760.0,0.0,1.0
2017-04-28,144.09,144.3,143.27,143.65,137.4686,20247187.0,0.0,1.0
2017-04-27,143.9225,144.16,143.31,143.79,137.6025,13948980.0,0.0,1.0
2017-04-26,144.47,144.6,143.3762,143.68,137.4973,19614287.0,0.0,1.0
2017-04-25,143.91,144.9,143.87,144.53,138.3107,18216472.0,0.0,1.0
2017-04-24,143.5,143.95,143.18,143.64,137.459,17116599.0,0.0,1.0
2017-04-21,142.44,142.68,141.85,142.27,136.1479,17320928.0,0.0,1.0
2017-04-20,141.22,142.92,141.16,142.44,136.3106,23319562.0,0.0,1.0
2017-04-19,141.88,142.0,140.45,140.68,134.6264,17328375.0,0.0,1.0
2017-04-18,141.41,142.04,141.11,141.2,135.124,14697544.0,0.0,1.0
2017-04-17,141.48,141.88,140.87,141.83,135.7269,16582094.0,0.0,1.0
2017-04-13,141.91,142.38,141.05,141.05,134.9804,17822880.0,0.0,1.0
2017-04-12,141.6,142.15,141.01,141.8,135.6982,20350000.0,0.0,1.0
2017-04-11,142.94,143.35,140.06,141.63,135.5355,30379376.0,0.0,1.0
2017-04-10,143.6,143.8792,142.9,143.17,137.0092,18933397.0,0.0,1.0
2017-04-07,143.73,144.18,143.27,143.34,137.1719,16658543.0,0.0,1.0
2017-04-06,144.29,144.52,143.45,143.66,137.4781,21149034.0,0.0,1.0
2017-04-05,144.22,145.46,143.81,144.02,137.8226,27717854.0,0.0,1.0
2017-04-04,143.25,144.89,143.17,144.77,138.5404,19891354.0,0.0,1.0
2017-04-03,143.71,144.12,143.05,143.7,137.5164,19985714.0,0.0,1.0
2017-03-31,143.72,144.27,143.01,143.66,137.4781,19661651.0,0.0,1.0
2017-03-30,144.19,144.5,143.5,143.93,137.7365,21207252.0,0.0,1.0
2017-03-29,143.68,144.49,143.19,144.12,137.9183,29189955.0,0.0,1.0
2017-03-28,140.91,144.04,140.62,143.8,137.6121,33374805.0,0.0,1.0
2017-03-27,139.39,141.22,138.62,140.88,134.8178,23575094.0,0.0,1.0
2017-03-24,141.5,141.74,140.35,140.64,134.5881,22395563.0,0.0,1.0
2017-03-23,141.26,141.5844,140.61,140.92,134.856,20346301.0,0.0,1.0
2017-03-22,139.845,141.6,139.76,141.42,135.3345,25860165.0,0.0,1.0
2017-03-21,142.11,142.8,139.73,139.84,133.8225,39529912.0,0.0,1.0
2017-03-20,140.4,141.5,140.23,141.46,135.3728,21542038.0,0.0,1.0
2017-03-17,141.0,141.0,139.89,139.99,133.9661,43884952.0,0.0,1.0
2017-03-16,140.72,141.02,140.26,140.69,134.6359,19231998.0,0.0,1.0
2017-03-15,139.41,140.7501,139.025,140.46,134.4158,25691774.0,0.0,1.0
2017-03-14,139.3,139.65,138.84,138.99,133.0091,15309065.0,0.0,1.0
2017-03-13,138.85,139.43,138.82,139.2,133.2101,17421717.0,0.0,1.0
2017-03-10,139.25,139.3571,138.64,139.14,133.1526,19612801.0,0.0,1.0
2017-03-09,138.74,138.79,137.05,138.68,132.7124,22155904.0,0.0,1.0
2017-03-08,138.95,139.8,138.82,139.0,133.0187,18707236.0,0.0,1.0
2017-03-07,139.06,139.98,138.79,139.52,133.5163,17446297.0,0.0,1.0
2017-03-06,139.365,139.77,138.5959,139.34,133.344,21750044.0,0.0,1.0
2017-03-03,138.78,139.83,138.59,139.78,133.7651,21571121.0,0.0,1.0
2017-03-02,140.0,140.2786,138.76,138.96,132.9804,26210984.0,0.0,1.0
2017-03-01,137.89,140.15,137.595,139.79,133.7747,36414585.0,0.0,1.0
2017-02-28,137.08,137.435,136.7,136.99,131.0952,23482860.0,0.0,1.0
2017-02-27,137.14,137.435,136.28,136.93,131.0377,20257426.0,0.0,1.0
2017-02-24,135.91,136.66,135.28,136.66,130.7794,21776585.0,0.0,1.0
2017-02-23,137.38,137.48,136.3,136.53,130.6549,20788186.0,0.0,1.0
2017-02-22,136.43,137.12,136.11,137.11,131.21,20836932.0,0.0,1.0
2017-02-21,136.23,136.75,135.98,136.7,130.8176,24507156.0,0.0,1.0
2017-02-17,135.1,135.83,135.1,135.72,129.8798,22198197.0,0.0,1.0
2017-02-16,135.67,135.9,134.8398,135.345,129.5209,22584555.0,0.0,1.0
2017-02-15,135.52,136.27,134.62,135.51,129.6788,35623100.0,0.0,1.0
2017-02-14,133.47,135.09,133.25,135.02,129.2099,33226223.0,0.0,1.0
2017-02-13,133.08,133.82,132.75,133.29,127.5544,23035421.0,0.0,1.0
2017-02-10,132.46,132.94,132.05,132.12,126.4347,20065458.0,0.0,1.0
2017-02-09,131.65,132.445,131.12,132.42,126.7218,28349859.0,0.57,1.0
2017-02-08,131.35,132.22,131.22,132.04,125.8166,23004072.0,0.0,1.0
2017-02-07,130.54,132.09,130.45,131.53,125.3306,38183841.0,0.0,1.0
2017-02-06,129.13,130.5,128.9,130.29,124.1491,26845924.0,0.0,1.0
2017-02-03,128.31,129.19,128.16,129.08,122.9961,24507301.0,0.0,1.0
2017-02-02,127.975,129.39,127.78,128.53,122.472,33710411.0,0.0,1.0
2017-02-01,127.03,130.49,127.01,128.75,122.6816,111985040.0,0.0,1.0
2017-01-31,121.15,121.39,120.62,121.35,115.6304,49200993.0,0.0,1.0
2017-01-30,120.93,121.63,120.66,121.63,115.8972,30377503.0,0.0,1.0
2017-01-27,122.14,122.35,121.6,121.95,116.2022,20562944.0,0.0,1.0
2017-01-26,121.67,122.44,121.6,121.94,116.1926,26337576.0,0.0,1.0
2017-01-25,120.42,122.1,120.28,121.88,116.1355,32586673.0,0.0,1.0
2017-01-24,119.55,120.1,119.5,119.97,114.3155,23211038.0,0.0,1.0
2017-01-23,120.0,120.81,119.77,120.08,114.4203,22050218.0,0.0,1.0
2017-01-20,120.45,120.45,119.7346,120.0,114.3441,32597892.0,0.0,1.0
2017-01-19,119.4,120.09,119.37,119.78,114.1344,25597291.0,0.0,1.0
2017-01-18,120.0,120.5,119.71,119.99,114.3345,23712961.0,0.0,1.0
2017-01-17,118.34,120.24,118.22,120.0,114.3441,34439843.0,0.0,1.0
2017-01-13,119.11,119.62,118.81,119.04,113.4293,26111948.0,0.0,1.0
2017-01-12,118.895,119.3,118.21,119.25,113.6294,27086220.0,0.0,1.0
2017-01-11,118.74,119.93,118.6,119.75,114.1058,27588593.0,0.0,1.0
2017-01-10,118.77,119.38,118.3,119.11,113.496,24462051.0,0.0,1.0
2017-01-09,117.95,119.43,117.94,118.99,113.3817,33561948.0,0.0,1.0
2017-01-06,116.78,118.16,116.47,117.91,112.3526,31751900.0,0.0,1.0
2017-01-05,115.92,116.8642,115.81,116.61,111.1138,22193587.0,0.0,1.0
2017-01-04,115.85,116.51,115.75,116.02,110.5516,21118116.0,0.0,1.0
2017-01-03,115.8,116.33,114.76,116.15,110.6755,28781865.0,0.0,1.0
2016-12-30,116.65,117.2,115.43,115.82,110.3611,30586265.0,0.0,1.0
2016-12-29,116.45,117.1095,116.4,116.73,111.2282,15039519.0,0.0,1.0
2016-12-28,117.52,118.0166,116.2,116.76,111.2568,20905892.0,0.0,1.0
2016-12-27,116.52,117.8,116.49,117.26,111.7332,18296855.0,0.0,1.0
2016-12-23,115.59,116.52,115.59,116.52,111.0281,14249484.0,0.0,1.0
2016-12-22,116.35,116.51,115.64,116.29,110.8089,26085854.0,0.0,1.0
2016-12-21,116.8,117.4,116.78,117.06,111.5426,23783165.0,0.0,1.0
2016-12-20,116.74,117.5,116.68,116.95,111.4378,21424965.0,0.0,1.0
2016-12-19,115.8,117.38,115.75,116.64,111.1424,27779423.0,0.0,1.0
2016-12-16,116.47,116.5,115.645,115.97,110.504,44351134.0,0.0,1.0
2016-12-15,115.38,116.73,115.23,115.82,110.3611,46524544.0,0.0,1.0
2016-12-14,115.04,116.2,114.98,115.19,109.7608,34031834.0,0.0,1.0
2016-12-13,113.84,115.92,113.75,115.19,109.7608,43733811.0,0.0,1.0
2016-12-12,113.29,115.0,112.49,113.3,107.9599,26374377.0,0.0,1.0
2016-12-09,112.31,114.7,112.31,113.95,108.5792,34402627.0,0.0,1.0
2016-12-08,110.86,112.43,110.6,112.12,106.8355,27068316.0,0.0,1.0
2016-12-07,109.26,111.19,109.16,111.03,105.7968,29998719.0,0.0,1.0
2016-12-06,109.5,110.36,109.19,109.95,104.7677,26195462.0,0.0,1.0
2016-12-05,110.0,110.03,108.25,109.11,103.9673,34324540.0,0.0,1.0
2016-12-02,109.17,110.09,108.85,109.9,104.7201,26527997.0,0.0,1.0
2016-12-01,110.365,110.94,109.03,109.49,104.3294,37086862.0,0.0,1.0
2016-11-30,111.6,112.2,110.27,110.52,105.3109,36162258.0,0.0,1.0
2016-11-29,110.78,112.03,110.07,111.46,106.2066,28528750.0,0.0,1.0
2016-11-28,111.43,112.465,111.39,111.57,106.3114,27193983.0,0.0,1.0
2016-11-25,111.13,111.87,110.95,111.79,106.521,11475922.0,0.0,1.0
2016-11-23,111.36,111.51,110.33,111.23,105.9874,27426394.0,0.0,1.0
2016-11-22,111.95,112.42,111.4,111.8,106.5305,25965534.0,0.0,1.0
2016-11-21,110.12,111.99,110.01,111.73,106.4638,29264571.0,0.0,1.0
2016-11-18,109.72,110.54,109.66,110.06,104.8726,28428917.0,0.0,1.0
2016-11-17,109.81,110.35,108.83,109.95,104.7677,27632003.0,0.0,1.0
2016-11-16,106.7,110.23,106.6,109.99,104.8059,58840522.0,0.0,1.0
2016-11-15,106.57,107.68,106.1593,107.11,102.0616,32264510.0,0.0,1.0
2016-11-14,107.71,107.809,104.08,105.71,100.7276,51175504.0,0.0,1.0
2016-11-11,107.12,108.87,106.55,108.43,103.3194,34143898.0,0.0,1.0
2016-11-10,111.09,111.09,105.83,107.79,102.7096,57134541.0,0.0,1.0
2016-11-09,109.88,111.32,108.05,110.88,105.6539,59176361.0,0.0,1.0
2016-11-08,110.31,111.72,109.7,111.06,105.8254,24254179.0,0.0,1.0
2016-11-07,110.08,110.51,109.46,110.41,105.2061,32560000.0,0.0,1.0
2016-11-04,108.53,110.25,108.11,108.84,103.7101,30836997.0,0.0,1.0
2016-11-03,110.98,111.46,109.55,109.83,104.6534,26932602.0,0.57,1.0
2016-11-02,111.4,112.35,111.23,111.59,105.7815,28331709.0,0.0,1.0
2016-11-01,113.46,113.77,110.53,111.49,105.6867,43825812.0,0.0,1.0
2016-10-31,113.65,114.23,113.2,113.54,107.63,26419398.0,0.0,1.0
2016-10-28,113.87,115.21,113.45,113.72,107.8006,37861662.0,0.0,1.0
2016-10-27,115.39,115.86,114.1,114.48,108.521,34562045.0,0.0,1.0
2016-10-26,114.31,115.7,113.31,115.59,109.5732,66134219.0,0.0,1.0
2016-10-25,117.95,118.36,117.31,118.25,112.0948,48128970.0,0.0,1.0
2016-10-24,117.1,117.74,117.0,117.65,111.526,23538673.0,0.0,1.0
2016-10-21,116.81,116.91,116.28,116.6,110.5307,23192665.0,0.0,1.0
2016-10-20,116.86,117.38,116.33,117.06,110.9667,24125801.0,0.0,1.0
2016-10-19,117.25,117.76,113.8,117.12,111.0236,20034594.0,0.0,1.0
2016-10-18,118.18,118.21,117.45,117.47,111.3554,24553478.0,0.0,1.0
2016-10-17,117.33,117.84,116.78,117.55,111.4312,23624896.0,0.0,1.0
2016-10-14,117.88,118.17,117.13,117.63,111.5071,35652191.0,0.0,1.0
2016-10-13,116.79,117.44,115.72,116.98,110.8909,35192406.0,0.0,1.0
2016-10-12,117.35,117.98,116.75,117.34,111.2322,37586787.0,0.0,1.0
2016-10-11,117.7,118.69,116.2,116.3,110.2463,64041043.0,0.0,1.0
2016-10-10,115.02,116.75,114.72,116.05,110.0093,36235956.0,0.0,1.0
2016-10-07,114.31,114.56,113.51,114.06,108.1229,24358443.0,0.0,1.0
2016-10-06,113.7,114.34,113.13,113.89,107.9617,28779313.0,0.0,1.0
2016-10-05,113.4,113.66,112.69,113.05,107.1655,21453089.0,0.0,1.0
2016-10-04,113.06,114.31,112.63,113.0,107.1181,29736835.0,0.0,1.0
2016-10-03,112.71,113.05,112.28,112.52,106.663,21701760.0,0.0,1.0
2016-09-30,112.46,113.37,111.8,113.05,107.1655,36379106.0,0.0,1.0
2016-09-29,113.16,113.8,111.8,112.18,106.3407,35886990.0,0.0,1.0
2016-09-28,113.69,114.64,113.43,113.95,108.0186,29641085.0,0.0,1.0
2016-09-27,113.0,113.18,112.34,113.09,107.2034,24607412.0,0.0,1.0
2016-09-26,111.64,113.39,111.55,112.88,107.0043,29869442.0,0.0,1.0
2016-09-23,114.42,114.79,111.55,112.71,106.8432,52481151.0,0.0,1.0
2016-09-22,114.35,114.94,114.0,114.62,108.6537,31073984.0,0.0,1.0
2016-09-21,113.85,113.989,112.441,113.55,107.6394,36003185.0,0.0,1.0
2016-09-20,113.05,114.12,112.51,113.57,107.6584,34514269.0,0.0,1.0
2016-09-19,115.19,116.18,113.25,113.58,107.6679,47023046.0,0.0,1.0
2016-09-16,115.12,116.13,114.04,114.92,108.9381,79886911.0,0.0,1.0
2016-09-15,113.86,115.73,113.49,115.57,109.5543,90613177.0,0.0,1.0
2016-09-14,108.73,113.03,108.6,111.77,105.9521,112340318.0,0.0,1.0
2016-09-13,107.51,108.79,107.24,107.95,102.3309,62176190.0,0.0,1.0
2016-09-12,102.65,105.72,102.53,105.44,99.9516,45292770.0,0.0,1.0
2016-09-09,104.64,105.72,103.13,103.13,97.7618,46556984.0,0.0,1.0
2016-09-08,107.25,107.27,105.24,105.52,100.0274,53002026.0,0.0,1.0
2016-09-07,107.83,108.76,107.07,108.36,102.7196,42364328.0,0.0,1.0
2016-09-06,107.9,108.3,107.51,107.7,102.0939,26880391.0,0.0,1.0
2016-09-02,107.7,108.0,106.82,107.73,102.1224,26802450.0,0.0,1.0
2016-09-01,106.14,106.8,105.62,106.73,101.1744,26701523.0,0.0,1.0
2016-08-31,105.66,106.5699,105.64,106.1,100.5772,29662406.0,0.0,1.0
2016-08-30,105.8,106.5,105.5,106.0,100.4824,24863945.0,0.0,1.0
2016-08-29,106.62,107.44,106.29,106.82,101.2597,24970300.0,0.0,1.0
2016-08-26,107.41,107.95,106.31,106.94,101.3735,27766291.0,0.0,1.0
2016-08-25,107.39,107.88,106.68,107.57,101.9707,25086248.0,0.0,1.0
2016-08-24,108.565,108.75,107.68,108.03,102.4068,23675081.0,0.0,1.0
2016-08-23,108.59,109.32,108.53,108.85,103.1841,21257669.0,0.0,1.0
2016-08-22,108.86,109.1,107.85,108.51,102.8618,25820230.0,0.0,1.0
2016-08-19,108.77,109.69,108.36,109.36,103.6675,25368072.0,0.0,1.0
2016-08-18,109.23,109.6,109.02,109.08,103.4021,21984703.0,0.0,1.0
2016-08-17,109.1,109.37,108.34,109.22,103.5348,25355976.0,0.0,1.0
2016-08-16,109.63,110.23,109.21,109.38,103.6865,33794448.0,0.0,1.0
2016-08-15,108.14,109.54,108.08,109.48,103.7813,25868209.0,0.0,1.0
2016-08-12,107.78,108.44,107.78,108.18,102.549,18660434.0,0.0,1.0
2016-08-11,108.52,108.93,107.85,107.93,102.312,27484506.0,0.0,1.0
2016-08-10,108.71,108.9,107.76,108.0,102.3783,24008505.0,0.0,1.0
2016-08-09,108.23,108.94,108.01,108.81,103.1462,26315204.0,0.0,1.0
2016-08-08,107.52,108.37,107.16,108.37,102.7291,28037220.0,0.0,1.0
2016-08-05,106.27,107.65,106.18,107.48,101.8854,40553402.0,0.0,1.0
2016-08-04,105.58,106.0,105.28,105.87,100.3592,27408650.0,0.57,1.0
2016-08-03,104.81,105.84,104.77,105.79,99.7463,30202641.0,0.0,1.0
2016-08-02,106.05,106.07,104.0,104.48,98.5112,33816556.0,0.0,1.0
2016-08-01,104.41,106.15,104.41,106.05,99.9915,38167871.0,0.0,1.0
2016-07-29,104.19,104.55,103.68,104.21,98.2566,27733688.0,0.0,1.0
2016-07-28,102.83,104.45,102.82,104.34,98.3792,39869839.0,0.0,1.0
2016-07-27,104.265,104.35,102.75,102.95,97.0686,92344820.0,0.0,1.0
2016-07-26,96.82,97.97,96.42,96.67,91.1473,56239822.0,0.0,1.0
2016-07-25,98.25,98.84,96.92,97.34,91.7791,40382921.0,0.0,1.0
2016-07-22,99.26,99.3,98.31,98.66,93.0237,28313669.0,0.0,1.0
2016-07-21,99.83,101.0,99.13,99.43,93.7497,32702028.0,0.0,1.0
2016-07-20,100.0,100.46,99.735,99.96,94.2494,26275968.0,0.0,1.0
2016-07-19,99.56,100.0,99.34,99.87,94.1645,23779924.0,0.0,1.0
2016-07-18,98.7,100.13,98.6,99.83,94.1268,36493867.0,0.0,1.0
2016-07-15,98.92,99.3,98.5,98.78,93.1368,30136990.0,0.0,1.0
2016-07-14,97.39,98.99,97.32,98.79,93.1462,38918997.0,0.0,1.0
2016-07-13,97.41,97.67,96.84,96.87,91.3359,25892171.0,0.0,1.0
2016-07-12,97.17,97.7,97.12,97.42,91.8545,24167463.0,0.0,1.0
2016-07-11,96.75,97.65,96.73,96.98,91.4396,23794945.0,0.0,1.0
2016-07-08,96.49,96.89,96.05,96.68,91.1568,28912103.0,0.0,1.0
2016-07-07,95.7,96.5,95.62,95.94,90.4591,25139558.0,0.0,1.0
2016-07-06,94.6,95.66,94.37,95.53,90.0725,30949090.0,0.0,1.0
2016-07-05,95.39,95.4,94.46,94.99,89.5633,27705210.0,0.0,1.0
2016-07-01,95.49,96.465,95.33,95.89,90.4119,26026540.0,0.0,1.0
2016-06-30,94.44,95.77,94.3,95.6,90.1385,35836356.0,0.0,1.0
2016-06-29,93.97,94.55,93.63,94.4,89.007,36531006.0,0.0,1.0
2016-06-28,92.9,93.66,92.14,93.59,88.2433,40444914.0,0.0,1.0
2016-06-27,93.0,93.05,91.5,92.04,86.7819,46622188.0,0.0,1.0
2016-06-24,92.91,94.655,92.65,93.4,88.0642,75311356.0,0.0,1.0
2016-06-23,95.94,96.29,95.25,96.1,90.6099,32240187.0,0.0,1.0
2016-06-22,96.25,96.89,95.35,95.55,90.0913,29219122.0,0.0,1.0
2016-06-21,94.94,96.35,94.676,95.91,90.4308,35546358.0,0.0,1.0
2016-06-20,96.0,96.57,95.03,95.1,89.667,34411901.0,0.0,1.0
2016-06-17,96.62,96.65,95.3,95.33,89.8839,61008219.0,0.0,1.0
2016-06-16,96.45,97.75,96.07,97.55,91.9771,31326815.0,0.0,1.0
2016-06-15,97.82,98.41,97.03,97.14,91.5905,29445227.0,0.0,1.0
2016-06-14,97.32,98.475,96.75,97.46,91.8922,31931944.0,0.0,1.0
2016-06-13,98.69,99.12,97.1,97.34,91.7791,38020494.0,0.0,1.0
2016-06-10,98.53,99.3457,98.48,98.83,93.184,31712936.0,0.0,1.0
2016-06-09,98.5,99.99,98.46,99.65,93.9571,26601354.0,0.0,1.0
2016-06-08,99.02,99.56,98.68,98.94,93.2877,20848131.0,0.0,1.0
2016-06-07,99.25,99.87,98.96,99.03,93.3725,22409450.0,0.0,1.0
2016-06-06,97.99,101.89,97.55,98.63,92.9954,23292504.0,0.0,1.0
2016-06-03,97.79,98.27,97.45,97.92,92.3259,28504888.0,0.0,1.0
2016-06-02,97.6,97.84,96.63,97.72,92.1374,40191600.0,0.0,1.0
2016-06-01,99.02,99.54,98.33,98.46,92.8351,29173285.0,0.0,1.0
2016-05-31,99.6,100.4,98.82,99.86,94.1551,42307212.0,0.0,1.0
2016-05-27,99.44,100.47,99.245,100.35,94.6171,36341240.0,0.0,1.0
2016-05-26,99.68,100.73,98.64,100.41,94.6737,56331159.0,0.0,1.0
2016-05-25,98.67,99.74,98.11,99.62,93.9288,38642108.0,0.0,1.0
2016-05-24,97.22,98.09,96.84,97.9,92.3071,35140174.0,0.0,1.0
2016-05-23,95.87,97.19,95.67,96.43,90.9211,38018643.0,0.0,1.0
2016-05-20,94.64,95.43,94.52,95.22,89.7802,32025968.0,0.0,1.0
2016-05-19,94.64,94.64,93.57,94.2,88.8185,30442100.0,0.0,1.0
2016-05-18,94.16,95.21,93.89,94.56,89.1579,42062391.0,0.0,1.0
2016-05-17,94.55,94.7,93.01,93.49,88.149,46916939.0,0.0,1.0
2016-05-16,92.39,94.39,91.65,93.88,88.5167,61259756.0,0.0,1.0
2016-05-13,90.0,91.67,90.0,90.52,85.3487,44392765.0,0.0,1.0
2016-05-12,92.72,92.78,89.47,90.34,85.179,76314690.0,0.0,1.0
2016-05-11,93.48,93.57,92.46,92.51,87.225,28719109.0,0.0,1.0
2016-05-10,93.33,93.57,92.11,93.42,88.083,33686836.0,0.0,1.0
2016-05-09,93.0,93.77,92.59,92.79,87.489,32936436.0,0.0,1.0
2016-05-06,93.37,93.45,91.85,92.72,87.423,43699886.0,0.0,1.0
2016-05-05,94.0,94.07,92.68,93.24,87.9133,35890500.0,0.57,1.0
2016-05-04,95.2,95.9,93.82,94.19,88.2694,41025475.0,0.0,1.0
2016-05-03,94.2,95.74,93.68,95.18,89.1972,56831277.0,0.0,1.0
2016-05-02,93.965,94.08,92.4,93.64,87.754,48160104.0,0.0,1.0
2016-04-29,93.99,94.72,92.51,93.74,87.8477,68531478.0,0.0,1.0
2016-04-28,97.61,97.88,94.25,94.83,88.8692,82242690.0,0.0,1.0
2016-04-27,96.0,98.71,95.68,97.82,91.6712,114602142.0,0.0,1.0
2016-04-26,103.91,105.3,103.91,104.35,97.7908,56016165.0,0.0,1.0
2016-04-25,105.0,105.65,104.51,105.08,98.4749,28031588.0,0.0,1.0
2016-04-22,105.01,106.48,104.62,105.68,99.0372,33683121.0,0.0,1.0
2016-04-21,106.93,106.93,105.52,105.97,99.3089,31552525.0,0.0,1.0
2016-04-20,106.64,108.09,106.06,107.13,100.396,30611030.0,0.0,1.0
2016-04-19,107.88,108.0,106.23,106.91,100.1899,32384879.0,0.0,1.0
2016-04-18,108.89,108.95,106.94,107.48,100.724,60821461.0,0.0,1.0
2016-04-15,112.11,112.3,109.73,109.85,102.9451,46938969.0,0.0,1.0
2016-04-14,111.62,112.39,111.33,112.1,105.0536,25473923.0,0.0,1.0
2016-04-13,110.8,112.34,110.8,112.04,104.9974,33257316.0,0.0,1.0
2016-04-12,109.34,110.5,108.66,110.44,103.498,27232325.0,0.0,1.0
2016-04-11,108.97,110.61,108.83,109.02,102.1672,29407518.0,0.0,1.0
2016-04-08,108.91,109.77,108.17,108.66,101.8299,23581740.0,0.0,1.0
2016-04-07,109.95,110.42,108.121,108.54,101.7174,31801870.0,0.0,1.0
2016-04-06,110.23,110.98,109.2,110.96,103.9853,26404077.0,0.0,1.0
2016-04-05,109.51,110.73,109.42,109.81,102.9076,26578652.0,0.0,1.0
2016-04-04,110.42,112.19,110.27,111.12,104.1352,37356204.0,0.0,1.0
2016-04-01,108.78,110.0,108.2,109.99,103.0763,25873950.0,0.0,1.0
2016-03-31,109.72,109.9,108.88,108.99,102.1391,25888449.0,0.0,1.0
2016-03-30,108.65,110.42,108.6,109.56,102.6733,45601149.0,0.0,1.0
2016-03-29,104.89,107.79,104.88,107.68,100.9115,31190083.0,0.0,1.0
2016-03-28,106.0,106.19,105.06,105.19,98.578,19411372.0,0.0,1.0
2016-03-24,105.47,106.25,104.89,105.67,99.0278,26132955.0,0.0,1.0
2016-03-23,106.48,107.07,105.9,106.13,99.4589,25703495.0,0.0,1.0
2016-03-22,105.25,107.29,105.21,106.72,100.0118,32444375.0,0.0,1.0
2016-03-21,105.93,107.65,105.1401,105.91,99.2527,35502678.0,0.0,1.0
2016-03-18,106.34,106.5,105.19,105.92,99.2621,44205171.0,0.0,1.0
2016-03-17,105.52,106.47,104.96,105.8,99.1496,34420705.0,0.0,1.0
2016-03-16,104.61,106.31,104.59,105.97,99.3089,38303493.0,0.0,1.0
2016-03-15,103.96,105.18,103.85,104.58,98.0063,40067734.0,0.0,1.0
2016-03-14,101.91,102.91,101.78,102.52,96.0758,25076062.0,0.0,1.0
2016-03-11,102.24,102.28,101.5,102.26,95.8322,27408237.0,0.0,1.0
2016-03-10,101.41,102.24,100.15,101.17,94.8107,33513577.0,0.0,1.0
2016-03-09,101.31,101.58,100.27,101.12,94.7638,27201683.0,0.0,1.0
2016-03-08,100.78,101.76,100.4,101.03,94.6795,31182194.0,0.0,1.0
2016-03-07,102.39,102.83,100.96,101.87,95.4667,35915810.0,0.0,1.0
2016-03-04,102.37,103.75,101.37,103.01,96.535,46055100.0,0.0,1.0
2016-03-03,100.58,101.7099,100.45,101.5,95.1199,36955742.0,0.0,1.0
2016-03-02,100.51,100.89,99.64,100.75,94.4171,33169560.0,0.0,1.0
2016-03-01,97.65,100.77,97.42,100.53,94.2109,50407147.0,0.0,1.0
2016-02-29,96.86,98.23,96.65,96.69,90.6123,35216277.0,0.0,1.0
2016-02-26,97.2,98.0237,96.58,96.91,90.8184,28991131.0,0.0,1.0
2016-02-25,96.05,96.76,95.25,96.76,90.6779,27582659.0,0.0,1.0
2016-02-24,93.98,96.38,93.32,96.1,90.0594,36255745.0,0.0,1.0
2016-02-23,96.4,96.5,94.55,94.69,88.738,31942633.0,0.0,1.0
2016-02-22,96.31,96.9,95.92,96.88,90.7903,34280758.0,0.0,1.0
2016-02-19,96.0,96.7599,95.8,96.04,90.0031,35374173.0,0.0,1.0
2016-02-18,98.84,98.89,96.091,96.26,90.2093,39020983.0,0.0,1.0
2016-02-17,96.67,98.21,96.15,98.12,91.9524,44863243.0,0.0,1.0
2016-02-16,95.02,96.85,94.61,96.64,90.5654,49057916.0,0.0,1.0
2016-02-12,94.19,94.5,93.01,93.99,88.082,40351381.0,0.0,1.0
2016-02-11,93.79,94.72,92.59,93.7,87.8102,50074711.0,0.0,1.0
2016-02-10,95.92,96.35,94.1,94.27,88.3444,42343601.0,0.0,1.0
2016-02-09,94.29,95.94,93.93,94.99,89.0191,44331195.0,0.0,1.0
2016-02-08,93.13,95.7,93.04,95.01,89.0379,54021375.0,0.0,1.0
2016-02-05,96.52,96.92,93.69,94.02,88.1101,46418064.0,0.0,1.0
2016-02-04,95.86,97.33,95.19,96.6,90.5279,46471652.0,0.52,1.0
2016-02-03,95.0,96.84,94.08,96.35,89.8102,45964294.0,0.0,1.0
2016-02-02,95.42,96.04,94.28,94.48,88.0671,37357215.0,0.0,1.0
2016-02-01,96.47,96.71,95.4,96.43,89.8848,40943541.0,0.0,1.0
2016-01-29,94.79,97.34,94.35,97.34,90.733,64416504.0,0.0,1.0
2016-01-28,93.79,94.52,92.39,94.09,87.7036,55678825.0,0.0,1.0
2016-01-27,96.04,96.6289,93.34,93.42,87.0791,133369674.0,0.0,1.0
2016-01-26,99.93,100.88,98.07,99.99,93.2031,75077002.0,0.0,1.0
2016-01-25,101.52,101.53,99.21,99.44,92.6905,51794525.0,0.0,1.0
2016-01-22,98.63,101.46,98.37,101.42,94.5361,65800467.0,0.0,1.0
2016-01-21,97.06,97.88,94.94,96.3,89.7636,52161463.0,0.0,1.0
2016-01-20,95.1,98.1897,93.42,96.79,90.2203,72334416.0,0.0,1.0
2016-01-19,98.41,98.65,95.5,96.66,90.0991,53087747.0,0.0,1.0
2016-01-15,96.2,97.71,95.36,97.13,90.5372,79833891.0,0.0,1.0
2016-01-14,97.96,100.48,95.74,99.52,92.765,63170127.0,0.0,1.0
2016-01-13,100.32,101.19,97.3,97.39,90.7796,62439631.0,0.0,1.0
2016-01-12,100.55,100.69,98.8399,99.96,93.1752,49154227.0,0.0,1.0
2016-01-11,98.97,99.06,97.34,98.53,91.8422,49739377.0,0.0,1.0
2016-01-08,98.55,99.11,96.76,96.96,90.3788,70798016.0,0.0,1.0
2016-01-07,98.68,100.13,96.43,96.45,89.9034,81094428.0,0.0,1.0
2016-01-06,100.56,102.37,99.87,100.7,93.8649,68457388.0,0.0,1.0
2016-01-05,105.75,105.85,102.41,102.71,95.7385,55790992.0,0.0,1.0
2016-01-04,102.61,105.368,102.0,105.35,98.1993,67649387.0,0.0,1.0
